State,LGA,School,Treatment,Std_ID,Gender,Age,Q4,Q5,Q6_0,Q6_1,Q6_2,Q6_3,Q7,Q8,Q9,Q10,LI_1,LI_2,LI_3
0,10,35,0,GM/YEMALTU DEBA/GIDIN WAZIRI PRIMARY SCHOOL/001,1,5,0,1,0,0,1,0,5,1,0,1,0,10,0
0,4,14,0,GM/FUNAKAYE/BAJOGA PRIMARY SCHOOL/001,1,12,2,2,0,1,0,0,17,0,0,1,4,18,4
0,2,9,0,GM/BILLIRI/KULGUL PRIMARY SCHOOL/001,0,10,1,3,0,0,1,0,8,1,0,0,1,16,1
0,7,27,0,GM/KWAMI/MALERIN PRIMARY SCHOOL/001,0,10,0,2,0,1,0,0,6,0,0,1,43,44,43
0,3,79,0,GM/DUKKU/BAKARI PRIMARY SCHOOL/001,1,6,0,2,0,0,1,1,10,1,1,1,27,27,27
0,5,19,0,GM/GOMBE/SABON GARIN JAURO ABARE PRIMARY SCHOOL/001,0,10,0,2,0,0,1,0,8,1,0,1,9,30,9
0,5,22,0,GM/GOMBE/JAURO GOTEL MARY SCHOOL/001,0,8,0,2,0,0,1,0,9,1,0,1,4,11,4
0,5,29,0,GM/KWAMI/DAKUL PRIMARY SCHOOL/001,1,7,0,1,0,1,0,0,5,0,0,1,0,10,0
0,3,11,0,GM/DUKKU/BALURU PRIMARY SCHOOL/001,1,7,0,1,0,1,1,1,15,1,1,1,0,10,0
0,3,17,0,GM/GOMBE/MANACHI PRIMARY SCHOOL/001,0,6,0,2,1,0,0,0,9,0,0,1,2,28,2
0,1,123,0,GM/BALANGA/BUNGU PRIMARY SCHOOL/001,1,8,0,3,0,0,1,0,8,1,0,1,3,17,3
0,0,3,0,GM/AKKO/KEMBU PRIMARY SCHOOL/001,1,9,0,1,0,0,1,0,9,1,0,0,0,10,0
0,1,146,0,GM/BALANGA/BURMI PRIMARY SCHOOL/001,0,9,3,2,0,0,1,0,6,1,0,1,4,14,4
0,5,20,0,GM/GOMBE/KAGARAWAL PRIMARY SCHOOL/001,0,7,0,1,0,0,1,0,10,1,0,1,0,10,0
0,9,33,0,GM/SHONGOM/KULINSHI PRIMARY SCHOOL/001,0,7,0,2,0,0,1,0,5,1,0,1,2,30,2
0,10,36,0,GM/YEMALTU DEBA/ARDON DEBA PRIMARY SCHOOL/001,0,11,0,1,0,0,1,0,11,1,0,1,3,22,3
0,10,36,0,GM/YEMALTU DEBA/ARDON DEBA PRIMARY SCHOOL/002,1,9,0,3,0,0,1,0,8,1,0,1,0,10,0
0,5,22,0,GM/GOMBE/JAURO GOTEL MARY SCHOOL/002,0,9,0,2,0,0,1,0,30,1,0,1,4,24,4
0,7,29,0,GM/KWAMI/DAKUL PRIMARY SCHOOL/002,0,8,0,2,0,1,0,0,6,0,0,1,7,19,7
0,10,35,0,GM/YEMALTU DEBA/GIDIN WAZIRI PRIMARY SCHOOL/002,0,8,0,1,0,0,1,0,10,1,0,1,35,37,35
0,1,4,0,GM/BALANGA/BALANGA PRIMARY SCHOOL/001,0,8,0,1,0,0,1,0,11,1,0,1,6,11,6
0,7,26,0,GM/KWAMI/DABAN FULANI PRIMARY SCHOOL/001,0,11,0,2,0,1,0,0,5,0,0,1,8,41,8
0,6,23,0,GM/KALTUNGO/KALARIN PRIMARY SCHOOL/001,0,7,0,2,0,0,1,0,5,1,0,1,1,30,1
0,6,24,0,GM/KALTUNGO/LAKANJE PRIMARY SCHOOL/001,0,11,0,3,0,0,1,0,10,1,0,0,31,36,31
0,7,28,0,GM/KWAMI/KOMFULATA PRIMARY SCHOOL/001,0,7,0,1,0,0,1,0,6,1,0,1,2,20,2
0,8,32,0,GM/NAFADA/WAKILIN ILIMIN NAFADA PRIMARY SCHOOL/001,0,7,0,1,0,0,1,0,6,1,0,1,0,10,0
0,8,31,0,GM/NAFADA/KONAN NAFADA PRIMARY SCHOOL/001,1,6,0,2,0,0,0,1,10,0,1,0,0,10,0
0,7,26,0,GM/KWAMI/DABAN FULANI PRIMARY SCHOOL/002,1,10,0,2,0,0,1,0,4,1,0,1,20,30,20
0,8,30,0,GM/NAFADA/BARWO SABON GARI PRIMARY SCHOOL/001,0,7,0,1,0,0,1,0,12,1,0,1,0,10,0
0,4,13,0,GM/FUNAKAYE/GANDU PRIMARY SCHOOL/001,1,8,0,2,0,1,0,0,5,0,0,1,4,18,4
0,0,3,0,GM/AKKO/KEMBU PRIMARY SCHOOL/002,1,9,0,1,0,0,1,0,10,1,0,1,0,10,0
0,9,34,0,GM/SHONGOM/LALAIPIDO PRIMARY SCHOOL/001,0,8,0,2,0,0,1,0,5,1,0,1,4,33,4
0,0,2,0,GM/AKKO/BURUNDE PRIMARY SCHOOL/001,0,11,0,2,0,0,1,0,15,1,0,0,43,44,43
0,3,12,0,GM/DUKKU/ADAMU SAMBO PRIMARY SCHOOL/001,0,6,0,1,0,1,0,0,8,0,0,1,0,10,0
0,3,79,0,GM/DUKKU/BAKARI PRIMARY SCHOOL/002,1,7,0,1,0,1,1,0,10,1,0,1,6,17,6
0,9,34,0,GM/SHONGOM/LALAIPIDO PRIMARY SCHOOL/002,0,9,0,2,0,0,1,0,8,1,0,1,4,26,4
0,0,0,0,GM/AKKO/BAGADAZA PRIMARY SCHOOL/001,1,6,0,2,0,0,1,0,8,1,0,1,0,10,0
0,10,35,0,GM/YEMALTU DEBA/GIDIN WAZIRI PRIMARY SCHOOL/003,0,7,0,1,0,0,1,0,6,1,0,1,0,10,0
0,3,11,0,GM/DUKKU/BALURU PRIMARY SCHOOL/002,1,8,0,1,0,1,1,0,7,1,0,1,3,24,3
0,4,14,0,GM/FUNAKAYE/BAJOGA PRIMARY SCHOOL/002,0,8,0,2,0,0,1,0,7,1,0,1,2,16,1
0,1,146,0,GM/BALANGA/BURMI PRIMARY SCHOOL/002,0,7,0,3,0,0,1,0,7,1,0,1,5,15,5
0,6,25,0,GM/KALTUNGO/NASARAWA PRIMARY SCHOOL/001,0,8,2,2,0,0,1,0,5,1,0,1,0,10,0
0,10,37,0,GM/YEMALTU DEBA/ASAS NURSERY AND PRIMARY SCHOOL/001,0,5,0,2,0,0,1,0,4,1,0,1,3,15,3
0,10,36,0,GM/YEMALTU DEBA/ARDON DEBA PRIMARY SCHOOL/003,0,7,2,1,0,0,1,0,12,1,0,1,0,10,0
0,6,25,0,GM/KALTUNGO/NASARAWA PRIMARY SCHOOL/002,1,8,0,2,0,0,1,0,4,1,0,1,3,35,3
0,4,13,0,GM/FUNAKAYE/GANDU PRIMARY SCHOOL/002,1,8,0,2,0,1,0,0,7,0,0,1,5,14,5
0,1,123,0,GM/BALANGA/BUNGU PRIMARY SCHOOL/002,1,10,0,3,0,0,1,0,6,1,0,1,4,15,4
0,0,2,0,GM/AKKO/BURUNDE PRIMARY SCHOOL/002,0,8,0,2,0,0,1,0,19,1,0,1,3,10,3
0,10,38,0,GM/YEMALTU DEBA/TOLBA CENTRAL PRIMARY SCHOOL/001,1,9,0,2,0,0,1,0,11,1,0,1,5,13,5
0,4,15,0,GM/FUNAKAYE/BAGE PRIMARY SCHOOL/001,1,11,0,1,0,1,0,0,15,0,0,1,16,21,16
0,7,29,0,GM/KWAMI/DAKUL PRIMARY SCHOOL/003,0,8,0,1,0,1,0,0,5,0,0,1,3,23,3
0,8,32,0,GM/NAFADA/WAKILIN ILIMIN NAFADA PRIMARY SCHOOL/2,1,6,0,1,0,0,1,0,4,1,0,1,0,10,0
0,7,28,0,GM/KWAMI/KOMFULATA PRIMARY SCHOOL/002,1,7,0,1,0,1,0,0,6,0,0,1,0,10,0
0,1,146,0,GM/BALANGA/BURMI PRIMARY SCHOOL/003,1,10,3,2,0,0,1,0,4,1,0,1,5,13,5
0,9,33,0,GM/SHONGOM/KULINSHI PRIMARY SCHOOL/002,1,7,0,2,0,0,1,0,3,1,0,1,3,29,3
0,0,0,0,GM/AKKO/BAGADAZA PRIMARY SCHOOL/002,0,6,0,2,0,0,1,0,7,1,0,1,0,10,0
0,3,12,0,GM/DUKKU/ADAMU SAMBO PRIMARY SCHOOL/002,1,8,0,1,0,1,1,0,7,1,0,1,0,10,0
0,5,20,0,GM/GOMBE/KAGARAWAL PRIMARY SCHOOL/002,1,6,0,1,0,0,1,0,9,1,0,1,2,10,2
0,5,20,0,GM/GOMBE/KAGARAWAL PRIMARY SCHOOL/003,1,7,0,2,0,0,1,0,10,1,0,1,0,10,0
0,4,15,0,GM/FUNAKAYE/BAGE PRIMARY SCHOOL/002,1,13,0,1,0,1,0,0,8,0,0,1,2,16,2
0,2,7,0,GM/BILLIRI/LAMUGU PRIMARY SCHOOL/001,1,5,0,3,0,0,0,1,6,0,1,1,0,10,0
0,10,36,0,GM/YEMALTU DEBA/ARDON DEBA PRIMARY SCHOOL/004,0,6,0,2,0,0,1,0,13,1,0,1,0,10,0
0,10,38,0,GM/YEMALTU DEBA/TOLBA CENTRAL PRIMARY SCHOOL/002,1,8,0,2,0,0,1,0,10,1,0,1,4,19,4
0,5,21,0,GM/GOMBE/WURO LADDE PRIMARY SCHOOL/001,1,9,3,2,0,0,0,1,5,0,1,1,0,10,0
0,10,35,0,GM/YEMALTU DEBA/GIDIN WAZIRI PRIMARY SCHOOL/004,1,9,0,1,0,0,1,0,7,1,0,1,8,22,8
0,8,30,0,GM/NAFADA/BARWO SABON GARI PRIMARY SCHOOL/002,0,7,0,1,0,0,1,0,10,1,0,1,0,10,0
0,4,15,0,GM/FUNAKAYE/BAGE PRIMARY SCHOOL/003,1,9,0,1,0,1,0,0,8,0,0,1,0,10,0
0,4,14,0,GM/FUNAKAYE/BAJOGA PRIMARY SCHOOL/003,1,8,0,2,0,0,1,0,9,1,0,1,5,19,5
0,6,24,0,GM/KALTUNGO/LAKANJE PRIMARY SCHOOL/002,1,11,0,2,0,0,1,0,6,1,0,0,20,29,20
0,4,14,0,GM/FUNAKAYE/BAJOGA PRIMARY SCHOOL/004,0,12,0,2,0,0,1,0,17,1,0,0,5,23,5
0,9,34,0,GM/SHONGOM/LALAIPIDO PRIMARY SCHOOL/003,1,7,0,2,0,0,1,0,6,1,0,1,4,35,4
0,5,13,0,GM/GOMBE/GANDU PRIMARY SCHOOL/001,0,7,1,1,0,0,1,0,11,1,0,1,31,34,31
0,5,20,0,GM/GOMBE/KAGARAWAL PRIMARY SCHOOL/004,1,7,0,1,0,0,1,0,4,1,0,1,2,11,2
0,5,22,0,GM/GOMBE/JAURO GOTEL MARY SCHOOL/003,1,8,0,2,0,0,1,0,6,1,0,1,3,13,3
0,2,10,0,GM/BILLIRI/BILLIRI PRIMARY SCHOOL/001,0,6,0,3,0,0,1,0,7,1,0,1,0,10,0
0,10,37,0,GM/YEMALTU DEBA/ASAS NURSERY AND PRIMARY SCHOOL/002,0,8,0,2,0,0,1,0,5,1,0,1,21,29,21
0,7,29,0,GM/KWAMI/DAKUL PRIMARY SCHOOL/004,1,7,0,1,0,1,0,0,6,0,0,1,0,10,0
0,0,1,0,GM/AKKO/KUNDULUM PRIMARY SCHOOL/001,1,8,0,1,0,0,1,0,13,1,0,1,4,10,4
0,0,2,0,GM/AKKO/BURUNDE PRIMARY SCHOOL/003,0,15,0,2,0,0,1,0,11,1,0,1,3,10,3
0,1,4,0,GM/BALANGA/BALANGA PRIMARY SCHOOL/002,0,10,0,3,0,0,1,0,12,1,0,1,7,13,7
0,2,7,0,GM/BILLIRI/LAMUGU PRIMARY SCHOOL/002,1,5,0,0,0,0,1,1,6,1,1,1,0,10,0
0,6,24,0,GM/KALTUNGO/LAKANJE PRIMARY SCHOOL/003,1,8,5,3,0,0,0,1,5,0,1,1,9,20,9
0,3,79,0,GM/DUKKU/BAKARI PRIMARY SCHOOL/003,0,9,0,0,0,0,1,1,7,1,1,1,4,20,4
0,2,8,0,GM/BILLIRI/LAKUDU PRIMARY SCHOOL/001,0,5,0,3,0,0,1,0,4,1,0,1,0,10,0
0,7,27,0,GM/KWAMI/MALERIN PRIMARY SCHOOL/002,1,10,1,3,0,0,1,0,9,1,0,1,10,23,10
0,10,38,0,GM/YEMALTU DEBA/TOLBA CENTRAL PRIMARY SCHOOL/003,0,7,0,2,0,0,1,0,5,1,0,1,0,10,0
0,4,14,0,GM/FUNAKAYE/BAJOGA PRIMARY SCHOOL/005,1,8,0,1,0,0,1,0,10,1,0,1,0,10,0
0,0,1,0,GM/AKKO/KUNDULUM PRIMARY SCHOOL/002,1,7,0,2,0,0,1,0,6,1,0,1,0,10,0
0,10,38,0,GM/YEMALTU DEBA/TOLBA CENTRAL PRIMARY SCHOOL/004,0,7,0,2,0,0,1,0,10,1,0,1,0,10,0
0,4,13,0,GM/FUNAKAYE/GANDU PRIMARY SCHOOL/003,1,7,0,2,0,0,1,0,10,1,0,1,25,27,25
0,10,37,0,GM/YEMALTU DEBA/ASAS NURSERY AND PRIMARY SCHOOL/003,0,8,0,3,0,0,1,0,7,1,0,1,10,14,10
0,7,29,0,GM/KWAMI/DAKUL PRIMARY SCHOOL/005,0,8,0,1,0,0,1,0,5,1,0,1,6,30,6
0,10,37,0,GM/YEMALTU DEBA/ASAS NURSERY AND PRIMARY SCHOOL/004,1,9,0,2,0,0,1,0,9,1,0,1,3,22,3
0,5,19,0,GM/GOMBE/SABON GARIN JAURO ABARE PRIMARY SCHOOL/002,1,9,0,2,0,1,0,0,6,0,0,1,3,19,3
0,8,31,0,GM/NAFADA/KONAN NAFADA PRIMARY SCHOOL/002,1,7,0,2,0,0,1,1,8,1,1,1,0,10,0
0,9,34,0,GM/SHONGOM/LALAIPIDO PRIMARY SCHOOL/004,0,7,0,2,0,0,1,0,7,1,0,1,5,23,5
0,0,3,0,GM/AKKO/KEMBU PRIMARY SCHOOL/003,0,8,0,1,0,0,1,0,13,1,0,1,0,10,0
0,5,22,0,GM/GOMBE/JAURO GOTEL MARY SCHOOL/004,0,8,0,2,0,0,1,0,11,1,0,1,0,10,0
0,2,8,0,GM/BILLIRI/LAKUDU PRIMARY SCHOOL/002,1,6,0,3,0,0,1,0,7,1,0,1,4,20,4
0,9,33,0,GM/SHONGOM/KULINSHI PRIMARY SCHOOL/003,1,7,0,2,0,0,0,1,6,0,1,0,0,10,0
0,2,8,0,GM/BILLIRI/LAKUDU PRIMARY SCHOOL/003,1,7,0,2,0,0,1,0,8,1,0,1,0,10,0
0,0,1,0,GM/AKKO/KUNDULUM PRIMARY SCHOOL/003,0,10,0,3,0,0,1,0,12,1,0,1,4,9,4
0,10,36,0,GM/YEMALTU DEBA/ARDON DEBA PRIMARY SCHOOL/005,1,10,2,1,0,0,1,0,12,1,0,1,0,10,0
0,2,9,0,GM/BILLIRI/KULGUL PRIMARY SCHOOL/002,1,8,3,3,0,0,0,1,3,0,1,1,0,10,0
0,5,17,0,GM/GOMBE/MANACHI PRIMARY SCHOOL/002,1,7,0,1,0,0,1,0,10,1,0,1,0,10,0
0,1,123,0,GM/BALANGA/BUNGU PRIMARY SCHOOL/003,0,11,0,3,0,0,1,0,8,1,0,1,8,15,8
0,2,7,0,GM/BILLIRI/LAMUGU PRIMARY SCHOOL/003,1,5,0,3,0,0,1,0,8,1,0,0,0,10,0
0,2,9,0,GM/BILLIRI/KULGUL PRIMARY SCHOOL/003,1,6,0,2,0,0,1,0,4,1,0,1,0,10,0
0,8,30,0,GM/NAFADA/BARWO SABON GARI PRIMARY SCHOOL/003,0,10,2,1,0,0,1,0,10,1,0,1,24,26,24
0,5,20,0,GM/GOMBE/KAGARAWAL PRIMARY SCHOOL/005,0,6,0,2,0,0,1,0,5,1,0,1,0,10,0
0,8,30,0,GM/NAFADA/BARWO SABON GARI PRIMARY SCHOOL/004,0,6,0,1,0,0,1,0,10,1,0,1,0,10,0
0,5,17,0,GM/GOMBE/MANACHI PRIMARY SCHOOL/003,0,10,0,2,0,1,0,0,16,0,0,1,14,20,14
0,6,23,0,GM/KALTUNGO/KALARIN PRIMARY SCHOOL/002,0,7,0,2,0,0,1,0,6,1,0,1,5,20,5
0,1,123,0,GM/BALANGA/BUNGU PRIMARY SCHOOL/004,1,7,0,3,0,0,0,1,5,0,1,0,3,8,3
0,5,13,0,GM/GOMBE/GANDU PRIMARY SCHOOL/002,0,10,0,1,0,0,1,0,10,1,0,1,36,39,36
0,3,79,0,GM/DUKKU/BAKARI PRIMARY SCHOOL/004,0,7,0,1,0,1,1,0,7,1,0,1,7,22,7
0,3,79,0,GM/DUKKU/BAKARI PRIMARY SCHOOL/005,1,7,0,2,0,1,1,0,7,1,0,1,7,18,7
0,1,146,0,GM/BALANGA/BURMI PRIMARY SCHOOL/004,1,8,3,3,0,0,1,0,4,1,0,1,2,11,2
0,7,26,0,GM/KWAMI/DABAN FULANI PRIMARY SCHOOL/003,0,10,0,2,0,0,1,0,8,1,0,1,8,37,8
0,8,31,0,GM/NAFADA/KONAN NAFADA PRIMARY SCHOOL/003,1,9,0,2,0,0,1,0,8,1,0,1,0,10,0
0,5,19,0,GM/GOMBE/SABON GARIN JAURO ABARE PRIMARY SCHOOL/003,0,9,0,2,0,1,0,0,8,0,0,1,3,19,3
0,3,12,0,GM/DUKKU/ADAMU SAMBO PRIMARY SCHOOL/003,1,7,0,1,0,1,1,0,7,1,0,1,2,41,2
0,2,10,0,GM/BILLIRI/BILLIRI PRIMARY SCHOOL/002,1,7,0,2,0,0,1,0,12,1,0,1,0,10,0
0,9,34,0,GM/SHONGOM/LALAIPIDO PRIMARY SCHOOL/005,1,6,0,2,0,0,1,0,6,1,0,1,3,31,3
0,0,0,0,GM/AKKO/BAGADAZA PRIMARY SCHOOL/003,0,6,0,2,0,1,0,0,10,0,0,1,0,10,0
0,8,32,0,GM/NAFADA/WAKILIN ILIMIN NAFADA PRIMARY SCHOOL/003,1,6,0,2,0,0,0,1,3,0,1,0,0,10,0
0,7,26,0,GM/KWAMI/DABAN FULANI PRIMARY SCHOOL/004,1,9,0,2,0,0,1,0,5,1,0,1,8,22,8
0,4,15,0,GM/FUNAKAYE/BAGE PRIMARY SCHOOL/004,0,10,0,1,0,1,0,0,13,0,0,1,0,10,0
0,5,13,0,GM/GOMBE/GANDU PRIMARY SCHOOL/003,0,10,0,1,0,0,1,0,7,1,0,1,2,18,2
0,10,35,0,GM/YEMALTU DEBA/GIDIN WAZIRI PRIMARY SCHOOL/005,0,8,0,2,0,0,1,0,9,1,0,1,5,14,5
0,6,23,0,GM/KALTUNGO/KALARIN PRIMARY SCHOOL/003,1,8,0,2,0,0,1,0,9,1,0,1,4,34,4
0,5,17,0,GM/GOMBE/MANACHI PRIMARY SCHOOL/004,1,8,0,1,0,0,1,0,8,1,0,1,0,10,0
0,2,7,0,GM/BILLIRI/LAMUGU PRIMARY SCHOOL/004,0,5,0,3,0,0,0,1,6,0,1,1,0,10,0
0,4,16,0,GM/FUNAKAYE/BODOR PRIMARY SCHOOL/001,1,6,0,1,0,1,0,0,13,0,0,0,0,10,0
0,7,27,0,GM/KWAMI/MALERIN PRIMARY SCHOOL/003,0,11,0,1,0,0,1,0,10,1,0,1,39,41,39
0,0,0,0,GM/AKKO/BAGADAZA PRIMARY SCHOOL/004,0,7,0,2,0,0,1,0,8,1,0,1,0,10,0
0,5,17,0,GM/GOMBE/MANACHI PRIMARY SCHOOL/005,1,8,0,2,0,0,1,0,10,1,0,1,0,10,0
0,8,30,0,GM/NAFADA/BARWO SABON GARI PRIMARY SCHOOL/005,1,6,1,1,0,0,1,0,10,1,0,1,0,10,0
0,2,10,0,GM/BILLIRI/BILLIRI PRIMARY SCHOOL/003,1,5,0,3,0,0,1,0,8,1,0,0,1,25,1
0,3,12,0,GM/DUKKU/ADAMU SAMBO PRIMARY SCHOOL/004,0,7,0,1,0,1,1,0,5,1,0,1,90,100,491
0,1,4,0,GM/BALANGA/BALANGA PRIMARY SCHOOL/003,1,7,0,3,0,0,1,0,9,1,0,1,13,20,13
0,4,16,0,GM/FUNAKAYE/BODOR PRIMARY SCHOOL/002,1,6,0,1,0,1,0,0,24,0,0,1,0,10,0
0,8,32,0,GM/NAFADA/WAKILIN ILIMIN NAFADA PRIMARY SCHOOL/004,0,7,0,2,0,1,0,0,4,0,0,1,0,10,0
0,7,27,0,GM/KWAMI/MALERIN PRIMARY SCHOOL/004,1,10,0,1,0,0,1,0,5,1,0,1,9,25,9
0,4,16,0,GM/FUNAKAYE/BODOR PRIMARY SCHOOL/003,0,9,0,1,0,1,0,0,20,0,0,1,0,10,0
0,0,3,0,GM/AKKO/KEMBU PRIMARY SCHOOL/004,0,7,0,1,0,0,1,0,10,1,0,0,0,10,0
0,5,21,0,GM/GOMBE/WURO LADDE PRIMARY SCHOOL/002,0,7,0,2,0,0,1,0,5,1,0,1,6,30,6
0,4,15,0,GM/FUNAKAYE/BAGE PRIMARY SCHOOL/005,0,7,0,1,0,1,0,0,7,0,0,1,0,10,0
0,0,1,0,GM/AKKO/KUNDULUM PRIMARY SCHOOL/004,0,5,0,2,0,0,1,0,7,1,0,1,5,7,5
0,2,7,0,GM/BILLIRI/LAMUGU PRIMARY SCHOOL/005,0,7,0,3,0,0,0,1,5,0,1,1,0,10,0
0,6,24,0,GM/KALTUNGO/LAKANJE PRIMARY SCHOOL/004,0,10,1,3,0,0,1,0,8,1,0,1,29,33,29
0,5,21,0,GM/GOMBE/WURO LADDE PRIMARY SCHOOL/003,0,8,0,2,0,1,0,0,13,0,0,1,2,21,2
0,9,33,0,GM/SHONGOM/KULINSHI PRIMARY SCHOOL/004,0,6,0,2,0,0,1,0,6,1,0,0,0,10,0
0,4,13,0,GM/FUNAKAYE/GANDU PRIMARY SCHOOL/004,0,7,0,2,0,0,1,0,6,1,0,1,0,10,0
0,7,28,0,GM/KWAMI/KOMFULATA PRIMARY SCHOOL/003,0,7,0,1,0,1,0,0,5,0,0,1,0,10,0
0,6,25,0,GM/KALTUNGO/NASARAWA PRIMARY SCHOOL/003,1,7,0,1,0,0,1,0,8,1,0,1,0,10,0
0,5,13,0,GM/GOMBE/GANDU PRIMARY SCHOOL/004,1,6,0,2,0,0,1,0,8,1,0,1,6,33,6
0,6,25,0,GM/KALTUNGO/NASARAWA PRIMARY SCHOOL/004,0,7,0,2,0,0,1,0,7,1,0,1,1,24,1
0,7,26,0,GM/KWAMI/DABAN FULANI PRIMARY SCHOOL/005,0,10,0,2,0,0,1,0,7,1,0,1,5,32,5
0,0,2,0,GM/AKKO/BURUNDE PRIMARY SCHOOL/004,0,11,0,2,0,1,0,0,5,0,0,0,4,24,4
0,2,10,0,GM/BILLIRI/BILLIRI PRIMARY SCHOOL/004,0,11,3,2,0,0,0,1,6,0,1,1,2,17,2
0,10,38,0,GM/YEMALTU DEBA/TOLBA CENTRAL PRIMARY SCHOOL/005,1,7,0,2,0,0,1,0,7,1,0,1,0,10,0
0,8,32,0,GM/NAFADA/WAKILIN ILIMIN NAFADA PRIMARY SCHOOL/005,0,6,0,2,0,1,0,0,3,0,0,0,0,10,0
0,2,8,0,GM/BILLIRI/LAKUDU PRIMARY SCHOOL/004,0,7,0,3,0,0,1,0,5,1,0,1,1,18,1
0,0,1,0,GM/AKKO/KUNDULUM PRIMARY SCHOOL/005,1,7,0,3,0,0,1,0,11,1,0,1,92,100,162
0,9,33,0,GM/SHONGOM/KULINSHI PRIMARY SCHOOL/005,1,8,0,3,0,0,1,0,7,1,0,0,4,21,4
0,1,4,0,GM/BALANGA/BALANGA PRIMARY SCHOOL/004,0,9,0,2,0,0,1,0,13,1,0,1,15,20,15
0,6,24,0,GM/KALTUNGO/LAKANJE PRIMARY SCHOOL/005,0,11,5,3,0,0,1,0,7,1,0,0,2,17,2
0,5,19,0,GM/GOMBE/SABON GARIN JAURO ABARE PRIMARY SCHOOL/004,0,12,0,2,0,1,0,0,15,0,0,1,4,27,4
0,4,16,0,GM/FUNAKAYE/BODOR PRIMARY SCHOOL/004,0,6,0,1,0,1,0,0,12,0,0,0,0,10,0
0,2,10,0,GM/BILLIRI/BILLIRI PRIMARY SCHOOL/005,0,10,0,3,0,0,1,0,9,1,0,0,2,18,2
0,3,12,0,GM/DUKKU/ADAMU SAMBO PRIMARY SCHOOL/005,0,7,0,1,0,1,1,0,8,1,0,1,3,25,3
0,5,19,0,GM/GOMBE/SABON GARIN JAURO ABARE PRIMARY SCHOOL/005,1,9,0,2,0,0,0,1,8,0,1,1,0,10,0
0,6,23,0,GM/KALTUNGO/KALARIN PRIMARY SCHOOL/004,1,12,0,3,0,0,1,0,4,1,0,1,44,45,44
0,3,11,0,GM/DUKKU/BALURU PRIMARY SCHOOL/003,0,8,0,1,0,1,1,0,7,1,0,1,0,10,0
0,4,16,0,GM/FUNAKAYE/BODOR PRIMARY SCHOOL/005,0,7,0,1,0,1,0,0,22,0,0,1,0,10,0
0,1,146,0,GM/BALANGA/BURMI PRIMARY SCHOOL/005,0,7,0,2,0,0,1,0,9,1,0,1,7,20,7
0,10,37,0,GM/YEMALTU DEBA/ASAS NURSERY AND PRIMARY SCHOOL/005,1,8,0,3,0,0,1,0,6,1,0,1,2,15,2
0,0,0,0,GM/AKKO/BAGADAZA PRIMARY SCHOOL/005,1,9,0,1,0,0,1,0,10,1,0,1,4,18,4
0,4,13,0,GM/FUNAKAYE/GANDU PRIMARY SCHOOL/005,0,8,1,2,0,1,0,0,10,0,0,1,4,16,4
0,5,21,0,GM/GOMBE/WURO LADDE PRIMARY SCHOOL/004,1,12,3,2,0,0,1,0,3,1,0,1,6,36,6
0,8,31,0,GM/NAFADA/KONAN NAFADA PRIMARY SCHOOL/004,0,7,0,2,0,0,0,1,5,0,1,0,0,10,0
0,3,11,0,GM/DUKKU/BALURU PRIMARY SCHOOL/004,1,7,0,1,0,1,1,0,12,1,0,1,6,46,6
0,1,123,0,GM/BALANGA/BUNGU PRIMARY SCHOOL/005,0,10,0,3,0,0,1,0,5,1,0,1,2,13,2
0,8,31,0,GM/NAFADA/KONAN NAFADA PRIMARY SCHOOL/005,0,7,0,2,0,0,0,1,10,0,1,1,0,10,0
0,0,3,0,GM/AKKO/KEMBU PRIMARY SCHOOL/005,0,13,0,1,0,0,1,0,9,1,0,0,28,30,28
0,3,11,0,GM/DUKKU/BALURU PRIMARY SCHOOL/005,0,8,0,1,0,1,1,1,15,1,1,1,0,10,0
0,0,2,0,GM/AKKO/BURUNDE PRIMARY SCHOOL/005,1,9,0,2,0,0,1,0,10,1,0,0,12,20,12
0,5,22,0,GM/GOMBE/JAURO GOTEL MARY SCHOOL/005,1,9,0,2,0,0,1,0,9,1,0,1,9,19,9
0,6,23,0,GM/KALTUNGO/KALARIN PRIMARY SCHOOL/005,0,8,0,2,0,0,0,1,8,0,1,1,1,23,1
0,5,21,0,GM/GOMBE/WURO LADDE PRIMARY SCHOOL/005,1,8,0,2,0,0,1,0,5,1,0,1,2,17,2
0,1,4,0,GM/BALANGA/BALANGA PRIMARY SCHOOL/005,1,8,0,1,0,0,1,0,13,1,0,1,9,15,9
0,6,25,0,GM/KALTUNGO/NASARAWA PRIMARY SCHOOL/005,1,8,0,3,0,0,0,1,11,0,1,1,1,20,1
0,7,27,0,GM/KWAMI/MALERIN PRIMARY SCHOOL/005,0,9,0,2,0,0,1,0,7,1,0,1,10,24,10
0,2,8,0,GM/BILLIRI/LAKUDU PRIMARY SCHOOL/005,1,8,0,3,0,0,1,0,10,1,0,1,2,38,2
0,2,9,0,GM/BILLIRI/KULGUL PRIMARY SCHOOL/004,0,6,0,3,0,0,0,1,9,0,1,1,2,15,2
0,7,28,0,GM/KWAMI/KOMFULATA PRIMARY SCHOOL/004,0,8,0,1,0,1,0,0,7,0,0,1,1,10,2
0,2,9,0,GM/BILLIRI/KULGUL PRIMARY SCHOOL/005,0,10,2,3,0,0,1,0,6,1,0,0,3,20,3
0,5,13,0,GM/GOMBE/GANDU PRIMARY SCHOOL/005,1,7,2,2,0,0,1,0,9,1,0,0,0,10,0
0,7,28,0,GM/KWAMI/KOMFULATA PRIMARY SCHOOL/005,1,7,0,1,0,1,0,0,6,0,0,1,1,35,1
0,4,204,1,GM/FUNAKAYE/CENTRAL PRIMARY SCHOOL/001,0,9,0,2,0,1,1,0,13,1,3,1,7,15,7
0,4,65,1,GM/KALTUNGO/LEA PRIMARY SCHOOL/001,0,11,0,2,0,1,1,0,6,0,1,1,40,40,40
0,6,180,1,GM/KALTUNGO/KALURGU PRIMARY SCHOOL/001,1,8,0,3,0,0,1,1,5,0,0,1,42,42,42
0,2,49,1,GM/BILLIRI/IBONOLA PRIMARY SCHOOL/001,0,10,0,3,0,0,1,0,11,0,2,1,49,50,49
0,4,55,1,GM/FUNAKAYE/JALINGO PRIMARY SCHOOL/001,1,8,0,2,0,0,1,0,10,0,3,1,10,14,10
0,6,180,1,GM/KALTUNGO/KALURGU PRIMARY SCHOOL/002,0,10,0,3,0,0,1,1,6,0,2,1,50,50,50
0,8,70,1,GM/NAFADA/BIRIN BOLAWA PRIMARY SCHOOL/001,1,6,0,2,0,0,1,1,5,0,5,1,0,10,0
0,5,59,1,GM/GOMBE/JEKADAFARI PRIMARY SCHOOL/002,0,8,3,2,0,0,1,0,6,0,1,1,3,16,3
0,4,53,1,GM/FUNAKAYE/GIRL CHILD PRIMARY SCHOOL/001,1,9,0,2,0,0,1,0,10,1,1,1,14,26,14
0,5,58,1,GM/GOMBE/MALAM INNA PRIMARY SCHOOL/001,0,8,0,2,0,1,0,0,16,0,3,1,14,19,14
0,1,43,1,GM/BALANGA/SABARA PRIMARY SCHOOL/001,1,9,0,3,0,0,1,1,7,0,1,1,65,68,65
0,5,57,1,GM/GOMBE/MUAZU PRIMARY SCHOOL/001,1,7,0,2,0,0,1,0,4,0,4,1,10,32,10
0,8,70,1,GM/NAFADA/BIRIN BOLAWA PRIMARY SCHOOL/002,1,7,0,2,0,0,1,0,8,0,0,1,1,13,1
0,2,46,1,GM/BILLIRI/KAYATU PRIMARY SCHOOL/001,1,8,0,3,0,0,0,1,7,0,1,0,50,55,50
0,2,48,1,GM/BILLIRI/TODI PRIMARY SCHOOL/001,0,11,0,1,0,0,1,0,5,0,1,1,40,41,40
0,5,57,1,GM/GOMBE/MUAZU PRIMARY SCHOOL/002,0,7,0,2,0,0,1,0,17,0,1,1,28,35,28
0,7,66,1,GM/KWAMI/GERKWAMI PRIMARY SCHOOL/001,1,12,0,2,0,0,1,0,8,0,1,1,0,10,0
0,6,180,1,GM/KALTUNGO/KALURGU PRIMARY SCHOOL/003,1,10,3,3,0,0,1,1,6,0,2,1,21,33,21
0,4,204,1,GM/FUNAKAYE/CENTRAL PRIMARY SCHOOL/002,0,7,0,2,0,1,1,0,9,1,2,1,0,10,0
0,10,76,1,GM/YEMALTU DEBA/BELLO PRIMARY SCHOOL/001,0,10,2,2,0,1,0,0,5,0,5,1,0,10,0
0,5,60,1,GM/GOMBE/IDI PRIMARY SCHOOL/001,1,7,0,2,0,1,0,0,13,0,3,1,0,10,0
0,4,15,1,GM/FUNAKAYE/BAGE PRIMARY SCHOOL/001,1,8,0,1,0,0,1,0,18,0,2,1,0,10,0
0,7,68,1,GM/KWAMI/TUMBUSHI PRIMARY SCHOOL/001,0,10,0,2,1,0,1,0,24,0,1,1,39,43,39
0,2,49,1,GM/BILLIRI/IBONOLA PRIMARY SCHOOL/002,0,8,0,2,0,0,0,1,10,0,1,1,5,17,5
0,1,44,1,GM/BALANGA/DEGRI PRIMARY SCHOOL/001,0,12,2,1,0,1,1,0,5,1,0,1,52,56,52
0,0,39,1,GM/AKKO/JAUROJI PRIMARY SCHOOL/001,0,8,0,2,0,0,0,1,6,0,1,0,39,43,39
0,8,72,1,GM/NAFADA/NAFADA WEST PRIMARY SCHOOL/001,0,6,0,1,0,1,1,0,5,1,1,1,0,10,0
0,8,72,1,GM/NAFADA/NAFADA WEST PRIMARY SCHOOL/002,0,9,0,1,0,1,1,0,10,0,0,1,2,12,2
0,1,43,1,GM/BALANGA/SABARA PRIMARY SCHOOL/002,1,7,0,3,0,0,1,1,5,0,1,1,29,38,29
0,10,78,1,GM/YEMALTU DEBA/NEW LIJI PRIMARY SCHOOL/001,0,10,0,2,0,0,0,1,7,0,2,1,4,19,4
0,8,70,1,GM/NAFADA/BIRIN BOLAWA PRIMARY SCHOOL/003,1,7,0,3,0,0,1,1,7,1,0,1,2,10,2
0,2,46,1,GM/BILLIRI/KAYATU PRIMARY SCHOOL/002,1,8,0,2,0,0,0,1,15,0,2,1,54,55,54
0,2,47,1,GM/BILLIRI/TAL PRIMARY SCHOOL/001,1,11,0,3,0,0,1,0,6,0,2,0,5,10,5
0,0,41,1,GM/AKKO/BOGO PRIMARY SCHOOL/001,0,7,0,1,0,0,1,0,7,0,4,1,12,18,12
0,1,44,1,GM/BALANGA/DEGRI PRIMARY SCHOOL/002,0,12,0,3,0,0,1,1,11,0,1,1,53,56,53
0,4,53,1,GM/FUNAKAYE/GIRL CHILD PRIMARY SCHOOL/002,1,8,0,2,0,0,1,0,10,0,3,1,29,37,29
0,7,68,1,GM/KWAMI/TUMBUSHI PRIMARY SCHOOL/0012,1,11,0,2,0,1,1,0,10,0,1,1,27,27,27
0,0,39,1,GM/AKKO/JAUROJI PRIMARY SCHOOL/002,1,8,0,2,0,0,1,0,9,0,0,1,22,25,22
0,6,65,1,GM/KALTUNGO/LEA PRIMARY SCHOOL/002,1,8,0,2,0,1,1,0,10,0,2,1,51,51,51
0,8,70,1,GM/NAFADA/BIRIN BOLAWA NORTH PRIMARY SCHOOL/001,0,6,0,3,0,0,1,0,6,0,0,1,1,10,1
0,3,52,1,GM/DUKKU/FAMILY SUPPORT PRIMARY SCHOOL/001,0,10,0,1,0,0,1,0,12,0,2,1,10,26,10
0,9,73,1,GM/SHONGOM/BOH CENTRAL PRIMARY SCHHOOL/001,0,12,0,3,0,0,1,0,9,0,0,1,2,16,2
0,1,45,1,GM/BALANGA/DAKAWAL NOM PRIMARY SCHOOL/001,1,8,0,3,0,0,1,1,8,0,0,1,47,49,47
0,5,58,1,GM/GOMBE/MALAM INNA PRIMARY SCHOOL/002,1,8,0,2,0,0,1,0,13,0,0,1,7,15,7
0,2,48,1,GM/BILLIRI/TODI PRIMARY SCHOOL/002,1,10,2,3,0,0,0,1,7,0,2,1,70,70,70
0,2,48,1,GM/BILLIRI/TODI PRIMARY SCHOOL/003,1,6,2,2,0,0,1,0,6,0,3,1,17,20,17
0,0,40,1,GM/AKKO/AREWA PRIMARY SCHOOL/001,0,8,0,2,0,0,1,0,5,0,0,1,5,11,5
0,2,47,1,GM/BILLIRI/TAL PRIMARY SCHOOL/002,0,5,0,3,0,0,0,1,7,0,1,1,21,26,21
0,8,72,1,GM/NAFADA/NAFADA WEST PRIMARY SCHOOL/003,0,7,0,1,0,1,1,0,5,0,0,0,0,10,0
0,4,55,1,GM/FUNAKAYE/JALINGO PRIMARY SCHOOL/002,1,9,0,2,0,1,1,0,15,1,1,1,0,10,0
0,7,68,1,GM/KWAMI/TUMBUSHI PRIMARY SCHOOL/003,0,10,0,2,0,0,1,0,10,0,1,1,50,51,50
0,5,60,1,GM/GOMBE/IDI PRIMARY SCHOOL/002,0,9,0,2,0,0,1,0,9,0,3,1,1,31,1
0,3,51,1,GM/DUKKU/NIGERIA-KOREA PRIMARY SCHOOL/001,1,7,0,1,0,0,1,0,10,0,2,1,15,21,15
0,2,46,1,GM/BILLIRI/KAYATU PRIMARY SCHOOL/003,0,8,0,3,0,0,0,1,5,0,1,1,3,10,3
0,5,61,1,GM/GOMBE/PANTAMI PRIMARY SCHOOL/001,0,8,3,2,0,1,0,0,10,0,0,1,56,56,56
0,5,58,1,GM/GOMBE/MALAM INNA PRIMARY SCHOOL/003,1,10,1,1,0,0,1,0,6,0,0,1,3,16,3
0,10,75,1,GM/YEMALTU DEBA/DEBA MODEL PRIMARY SCHOOL/001,1,8,0,2,0,0,1,0,21,0,4,1,51,51,51
0,10,77,1,GM/YEMALTU DEBA/DEBA CENTRAL PRIMARY SCHOOL/001,0,10,0,2,0,0,1,0,8,0,2,1,20,25,20
0,6,63,1,GM/KALTUNGO/UMAR MEMORIAL PRIMARY SCHOOL/001,0,8,0,2,1,0,1,0,5,0,1,1,25,31,25
0,8,70,1,GM/NAFADA/BIRIN BOLAWA NORTH PRIMARY SCHOOL/002,1,6,0,3,0,0,1,0,7,0,0,1,1,12,1
0,10,77,1,GM/YEMALTU DEBA/DEBA CENTRAL PRIMARY SCHOOL/002,0,9,0,2,0,0,1,0,7,0,0,1,55,55,55
0,0,41,1,GM/AKKO/BOGO PRIMARY SCHOOL/002,0,9,3,2,0,1,0,0,5,0,1,1,18,19,18
0,4,204,1,GM/FUNAKAYE/CENTRAL PRIMARY SCHOOL/003,1,11,0,2,0,0,1,0,15,1,2,1,0,10,0
0,7,69,1,GM/KWAMI/BOMALI PRIMARY SCHOOL/001,1,9,0,2,0,0,1,0,11,0,1,1,11,35,11
0,4,53,1,GM/FUNAKAYE/GIRL CHILD PRIMARY SCHOOL/003,1,7,0,2,0,0,1,0,8,1,2,1,8,20,8
0,5,58,1,GM/GOMBE/MALAM INNA PRIMARY SCHOOL/004,0,8,0,1,0,0,1,0,9,0,3,1,56,56,56
0,5,62,1,GM/GOMBE/GABUKKA PRIMARY SCHOOL/001,0,10,0,2,0,0,0,1,10,0,1,1,99,99,99
0,1,44,1,GM/BALANGA/DEGRI PRIMARY SCHOOL/003,1,8,0,3,0,0,1,0,8,1,1,1,19,24,19
0,7,66,1,GM/KWAMI/GERKWAMI PRIMARY SCHOOL/002,1,13,0,2,0,0,1,0,15,0,1,1,11,29,11
0,1,44,1,GM/BALANGA/DEGRI PRIMARY SCHOOL/004,1,8,0,2,0,0,1,0,8,0,0,1,35,37,35
0,7,69,1,GM/KWAMI/BOMALI PRIMARY SCHOOL/002,1,10,2,2,0,0,1,0,7,0,0,1,0,10,0
0,7,69,1,GM/KWAMI/BOMALI PRIMARY SCHOOL/003,1,9,2,2,0,0,1,0,5,0,1,1,0,10,0
0,1,45,1,GM/BALANGA/DAKAWAL NOM PRIMARY SCHOOL/002,0,9,0,3,0,0,1,1,6,0,1,1,27,28,27
0,0,40,1,GM/AKKO/AREWA PRIMARY SCHOOL/002,1,8,0,1,0,0,1,0,9,0,0,1,12,15,12
0,5,61,1,GM/GOMBE/PANTAMI PRIMARY SCHOOL/002,1,10,2,1,0,0,1,0,10,1,0,1,91,91,91
0,3,50,1,GM/DUKKU/GONA PRIMARY SCHOOL/001,0,7,0,1,0,1,0,0,7,0,1,1,27,30,27
0,5,60,1,GM/GOMBE/IDI PRIMARY SCHOOL/003,0,8,0,2,0,0,1,0,20,0,4,1,6,10,6
0,10,75,1,GM/YEMALTU DEBA/DEBA MODEL PRIMARY SCHOOL/002,0,8,0,2,0,1,0,0,6,0,2,1,38,38,38
0,2,47,1,GM/BILLIRI/TAL PRIMARY SCHOOL/003,0,8,3,3,0,0,1,0,5,0,0,1,53,56,53
0,7,68,1,GM/KWAMI/TUMBUSHI PRIMARY SCHOOL/004,0,11,0,2,0,0,1,0,11,0,1,1,0,10,0
0,10,75,1,GM/YEMALTU DEBA/DEBA MODEL PRIMARY SCHOOL/003,1,8,0,2,0,0,1,1,13,0,2,1,0,10,0
0,10,76,1,GM/YEMALTU DEBA/BELLO PRIMARY SCHOOL/002,1,8,0,2,0,0,1,0,9,0,0,1,5,25,5
0,0,39,1,GM/AKKO/JAUROJI PRIMARY SCHOOL/003,0,11,3,2,0,0,1,0,5,0,0,1,15,22,15
0,3,50,1,GM/DUKKU/GONA PRIMARY SCHOOL/002,1,7,0,1,0,0,1,0,12,0,2,1,11,19,11
0,10,78,1,GM/YEMALTU DEBA/NEW LIJI PRIMARY SCHOOL/002,1,8,0,2,0,1,0,0,10,0,0,1,4,19,4
0,7,67,1,GM/KWAMI/BODUJE PRIMARY SCHOOL/001,0,11,0,3,0,0,1,0,10,0,1,1,0,10,0
0,0,39,1,GM/AKKO/JAUROJI PRIMARY SCHOOL/004,1,8,0,3,0,0,1,0,4,0,0,0,4,6,4
0,8,70,1,GM/NAFADA/BIRIN BOLAWA NORTH PRIMARY SCHOOL/003,0,6,0,3,0,0,1,0,6,0,0,1,0,10,0
0,6,180,1,GM/KALTUNGO/KALURGU PRIMARY SCHOOL/004,0,11,0,2,0,0,1,0,5,0,1,1,10,13,10
0,6,65,1,GM/KALTUNGO/LEA PRIMARY SCHOOL/003,0,8,0,3,1,0,1,0,9,0,6,1,44,46,44
0,2,48,1,GM/BILLIRI/TODI PRIMARY SCHOOL/004,0,9,0,3,0,0,0,1,7,0,4,1,50,51,50
0,3,52,1,GM/DUKKU/FAMILY SUPPORT PRIMARY SCHOOL/002,0,7,0,1,0,0,1,0,10,0,2,1,0,10,0
0,10,75,1,GM/YEMALTU DEBA/DEBA MODEL PRIMARY SCHOOL/004,0,10,0,2,0,0,1,0,15,0,1,1,25,27,25
0,2,49,1,GM/BILLIRI/IBONOLA PRIMARY SCHOOL/003,1,9,0,2,0,1,0,0,5,0,1,0,30,31,30
0,2,46,1,GM/BILLIRI/KAYATU PRIMARY SCHOOL/004,1,6,3,3,0,0,0,1,4,0,6,1,30,30,30
0,8,72,1,GM/NAFADA/NAFADA WEST PRIMARY SCHOOL/004,1,8,0,1,0,1,1,0,5,0,1,1,32,33,32
0,1,43,1,GM/BALANGA/SABARA PRIMARY SCHOOL/003,0,8,0,2,0,0,1,1,5,0,1,1,40,41,40
0,6,65,1,GM/KALTUNGO/LEA PRIMARY SCHOOL/004,1,11,3,2,1,0,1,0,6,1,1,1,26,34,26
0,10,76,1,GM/YEMALTU DEBA/BELLO PRIMARY SCHOOL/003,0,8,0,2,0,0,1,0,9,0,1,1,0,10,0
0,5,62,1,GM/GOMBE/GABUKKA PRIMARY SCHOOL/002,0,7,0,2,1,0,0,0,6,0,2,1,85,85,85
0,7,68,1,GM/KWAMI/TUMBUSHI PRIMARY SCHOOL/005,0,10,1,2,0,0,1,0,7,0,1,1,22,23,22
0,0,42,1,GM/AKKO/AKKO PRIMARY SCHOOL/001,0,7,0,2,0,0,1,0,3,0,1,1,20,25,20
0,3,51,1,GM/DUKKU/NIGERIA-KOREA PRIMARY SCHOOL/002,0,7,0,1,0,0,1,0,5,0,3,1,17,28,17
0,7,66,1,GM/KWAMI/GERKWAMI PRIMARY SCHOOL/003,0,10,0,1,0,1,1,0,10,0,1,1,5,14,5
0,1,45,1,GM/BALANGA/DAKAWAL NOM PRIMARY SCHOOL/003,1,10,0,3,0,0,1,1,9,0,0,1,45,49,45
0,0,42,1,GM/AKKO/AKKO PRIMARY SCHOOL/002,1,8,0,1,0,0,1,0,4,0,0,1,44,44,44
0,5,59,1,GM/GOMBE/JEKADAFARI PRIMARY SCHOOL/001,1,7,1,2,0,0,1,0,5,0,1,1,2,13,2
0,3,52,1,GM/DUKKU/FAMILY SUPPORT PRIMARY SCHOOL/003,1,8,0,2,0,1,0,0,10,0,2,1,15,20,15
0,0,40,1,GM/AKKO/AREWA PRIMARY SCHOOL/003,1,9,0,3,0,0,0,1,7,0,1,0,7,13,7
0,5,62,1,GM/GOMBE/GABUKKA PRIMARY SCHOOL/003,1,8,0,2,0,0,0,1,6,0,0,1,71,71,71
0,4,204,1,GM/FUNAKAYE/CENTRAL PRIMARY SCHOOL/004,1,8,1,2,0,0,1,0,5,1,1,1,27,32,27
0,4,55,1,GM/FUNAKAYE/JALINGO PRIMARY SCHOOL/003,1,8,0,2,0,0,1,0,19,1,2,1,0,10,0
0,9,74,1,GM/SHONGOM/FILIYA PRIMARY SCHHOOL/001,0,10,0,1,0,0,1,0,5,0,2,1,0,10,0
0,6,180,1,GM/KALTUNGO/KALURGU PRIMARY SCHOOL/005,0,10,0,3,0,0,1,1,4,0,2,0,24,26,24
0,10,78,1,GM/YEMALTU DEBA/NEW LIJI PRIMARY SCHOOL/003,0,8,0,2,0,0,1,0,3,0,0,1,2,15,2
0,8,70,1,GM/NAFADA/BIRIN BOLAWA PRIMARY SCHOOL/004,0,6,1,3,0,0,1,1,12,0,0,1,0,10,0
0,9,73,1,GM/SHONGOM/BOH CENTRAL PRIMARY SCHHOOL/002,0,10,0,3,0,0,1,0,6,0,0,1,34,36,34
0,9,74,1,GM/SHONGOM/FILIYA PRIMARY SCHHOOL/002,1,8,0,2,0,0,0,1,10,0,1,1,0,10,0
0,0,42,1,GM/AKKO/AKKO PRIMARY SCHOOL/003,1,9,1,1,0,0,1,0,6,0,0,0,8,8,8
0,1,43,1,GM/BALANGA/SABARA PRIMARY SCHOOL/004,1,10,0,2,0,0,1,1,10,0,1,1,65,68,65
0,10,78,1,GM/YEMALTU DEBA/NEW LIJI PRIMARY SCHOOL/004,1,10,0,2,0,1,0,0,6,0,2,1,19,21,19
0,3,51,1,GM/DUKKU/NIGERIA-KOREA PRIMARY SCHOOL/003,0,10,0,1,0,0,1,0,8,0,2,0,7,16,7
0,4,204,1,GM/FUNAKAYE/CENTRAL PRIMARY SCHOOL/005,0,11,3,2,0,1,1,0,8,1,2,1,13,20,13
0,3,52,1,GM/DUKKU/FAMILY SUPPORT PRIMARY SCHOOL/004,1,8,0,2,0,1,0,0,5,0,2,1,38,41,38
0,6,63,1,GM/KALTUNGO/UMAR MEMORIAL PRIMARY SCHOOL/002,1,8,0,2,0,0,1,0,7,1,6,1,2,20,3
0,5,57,1,GM/GOMBE/MUAZU PRIMARY SCHOOL/003,0,9,0,2,0,0,1,0,20,0,3,1,4,22,4
0,7,67,1,GM/KWAMI/BODUJE PRIMARY SCHOOL/002,0,10,3,3,0,0,1,0,10,0,2,1,7,17,7
0,4,15,1,GM/FUNAKAYE/BAGE PRIMARY SCHOOL/002,1,8,0,2,0,1,0,0,18,1,3,1,0,10,0
0,10,77,1,GM/YEMALTU DEBA/DEBA CENTRAL PRIMARY SCHOOL/003,1,8,0,2,0,0,0,1,22,0,0,1,51,51,51
0,6,63,1,GM/KALTUNGO/UMAR MEMORIAL PRIMARY SCHOOL/003,1,8,0,2,0,0,1,0,13,1,0,1,33,35,33
0,10,78,1,GM/YEMALTU DEBA/NEW LIJI PRIMARY SCHOOL/005,0,8,0,2,0,1,0,0,16,0,2,1,0,10,0
0,2,48,1,GM/BILLIRI/TODI PRIMARY SCHOOL/005,1,8,0,3,0,0,1,0,7,0,1,1,44,45,44
0,5,62,1,GM/GOMBE/GABUKKA PRIMARY SCHOOL/004,1,8,1,2,0,0,1,0,18,0,0,1,55,55,55
0,2,47,1,GM/BILLIRI/TAL PRIMARY SCHOOL/004,1,9,0,3,0,0,1,0,9,0,1,1,54,56,54
0,4,15,1,GM/FUNAKAYE/BAGE PRIMARY SCHOOL/003,0,7,0,1,0,0,1,0,15,0,2,1,28,30,28
0,3,51,1,GM/DUKKU/NIGERIA-KOREA PRIMARY SCHOOL/004,0,8,0,1,0,0,1,1,10,0,2,1,14,21,14
0,4,55,1,GM/FUNAKAYE/JALINGO PRIMARY SCHOOL/004,0,8,0,2,0,1,1,0,8,0,6,1,0,10,0
0,0,41,1,GM/AKKO/BOGO PRIMARY SCHOOL/003,0,9,0,3,0,0,1,0,7,0,1,1,38,38,38
0,1,43,1,GM/BALANGA/SABARA PRIMARY SCHOOL/005,0,8,0,2,0,0,1,0,8,0,1,1,81,81,81
0,9,73,1,GM/SHONGOM/BOH CENTRAL PRIMARY SCHHOOL/003,0,8,0,2,0,0,0,1,6,0,0,1,22,29,22
0,0,39,1,GM/AKKO/JAUROJI PRIMARY SCHOOL/005,1,8,0,2,0,0,0,1,9,0,0,1,21,24,21
0,5,57,1,GM/GOMBE/MUAZU PRIMARY SCHOOL/004,1,7,0,2,0,0,1,0,20,0,1,1,33,33,33
0,6,65,1,GM/KALTUNGO/LEA PRIMARY SCHOOL/005,1,8,0,2,0,0,1,0,6,0,0,1,44,45,44
0,0,41,1,GM/AKKO/BOGO PRIMARY SCHOOL/004,1,10,0,2,0,0,1,0,10,0,0,1,17,19,17
0,3,50,1,GM/DUKKU/GONA PRIMARY SCHOOL/003,0,10,0,1,0,0,1,0,10,1,2,1,37,39,37
0,5,58,1,GM/GOMBE/MALAM INNA PRIMARY SCHOOL/005,0,8,0,2,0,0,1,0,4,0,0,1,25,25,25
0,4,15,1,GM/FUNAKAYE/BAGE PRIMARY SCHOOL/004,0,7,0,2,0,1,0,0,16,1,3,1,0,10,0
0,9,73,1,GM/SHONGOM/BOH CENTRAL PRIMARY SCHHOOL/004,1,9,2,3,0,0,1,0,20,0,4,0,56,57,56
0,5,60,1,GM/GOMBE/IDI PRIMARY SCHOOL/004,1,8,0,2,0,0,1,0,18,0,3,1,0,10,0
0,4,53,1,GM/FUNAKAYE/GIRL CHILD PRIMARY SCHOOL/004,1,8,0,2,0,0,1,0,9,1,1,1,0,10,0
0,1,45,1,GM/BALANGA/DAKAWAL NOM PRIMARY SCHOOL/004,0,8,0,3,0,0,1,1,6,0,0,1,30,34,30
0,10,75,1,GM/YEMALTU DEBA/DEBA MODEL PRIMARY SCHOOL/005,1,8,0,2,0,0,1,0,7,0,2,1,4,17,4
0,2,49,1,GM/BILLIRI/IBONOLA PRIMARY SCHOOL/004,1,9,3,2,0,0,1,0,4,0,5,0,13,15,13
0,3,51,1,GM/DUKKU/NIGERIA-KOREA PRIMARY SCHOOL/005,1,7,0,1,0,0,1,0,10,0,2,0,11,18,11
0,1,45,1,GM/BALANGA/DAKAWAL NOM PRIMARY SCHOOL/005,0,8,0,3,0,0,1,1,5,0,0,1,26,29,26
0,9,73,1,GM/SHONGOM/BOH CENTRAL PRIMARY SCHHOOL/005,1,9,0,3,0,0,1,0,8,0,0,0,52,54,52
0,2,47,1,GM/BILLIRI/TAL PRIMARY SCHOOL/005,0,11,3,3,0,0,1,0,6,0,2,1,6,11,6
0,5,61,1,GM/GOMBE/PANTAMI PRIMARY SCHOOL/003,1,8,0,2,0,1,0,0,12,0,1,1,95,95,95
0,10,77,1,GM/YEMALTU DEBA/DEBA CENTRAL PRIMARY SCHOOL/004,1,8,0,2,0,1,0,0,6,1,0,1,39,39,39
0,7,66,1,GM/KWAMI/GERKWAMI PRIMARY SCHOOL/004,1,8,0,2,0,0,1,0,15,0,1,1,0,10,0
0,8,70,1,GM/NAFADA/BIRIN BOLAWA PRIMARY SCHOOL/005,0,9,0,2,0,0,1,1,9,0,0,0,0,10,0
0,8,70,1,GM/NAFADA/BIRIN BOLAWA NORTH PRIMARY SCHOOL/004,0,7,0,3,0,0,1,0,6,1,0,1,2,11,2
0,9,74,1,GM/SHONGOM/FILIYA PRIMARY SCHHOOL/003,1,9,0,1,0,0,1,0,12,0,2,1,11,20,11
0,2,46,1,GM/BILLIRI/KAYATU PRIMARY SCHOOL/005,0,9,0,2,0,1,0,0,10,0,3,0,68,68,68
0,7,67,1,GM/KWAMI/BODUJE PRIMARY SCHOOL/003,0,10,0,2,0,0,1,0,10,0,1,1,0,10,0
0,0,40,1,GM/AKKO/AREWA PRIMARY SCHOOL/004,0,9,0,3,0,0,1,0,8,0,0,1,14,19,14
0,8,72,1,GM/NAFADA/NAFADA WEST PRIMARY SCHOOL/005,1,6,0,1,0,1,1,0,5,0,0,1,7,13,7
0,9,74,1,GM/SHONGOM/FILIYA PRIMARY SCHHOOL/004,0,8,0,3,0,0,1,0,9,0,1,0,0,10,0
0,3,50,1,GM/DUKKU/GONA PRIMARY SCHOOL/004,1,7,0,1,0,1,0,0,10,0,2,1,45,47,45
0,3,50,1,GM/DUKKU/GONA PRIMARY SCHOOL/005,1,7,0,1,0,0,1,0,6,0,2,1,27,29,27
0,5,57,1,GM/GOMBE/MUAZU PRIMARY SCHOOL/005,0,7,0,2,0,0,1,0,9,0,4,1,9,19,9
0,7,66,1,GM/KWAMI/GERKWAMI PRIMARY SCHOOL/005,0,12,0,1,0,1,1,0,12,0,1,1,11,21,11
0,5,61,1,GM/GOMBE/PANTAMI PRIMARY SCHOOL/004,0,8,0,2,0,0,1,0,12,0,1,1,88,88,88
0,0,40,1,GM/AKKO/AREWA PRIMARY SCHOOL/005,1,9,0,1,0,0,1,0,19,0,2,1,11,19,11
0,2,49,1,GM/BILLIRI/IBONOLA PRIMARY SCHOOL/005,0,10,0,2,0,0,0,1,11,0,2,1,47,48,47
0,9,74,1,GM/SHONGOM/FILIYA PRIMARY SCHHOOL/005,0,11,0,2,0,0,1,0,21,0,3,1,0,10,0
0,5,59,1,GM/GOMBE/JEKADAFARI PRIMARY SCHOOL/003,0,8,0,2,0,0,1,0,6,0,2,1,3,24,3
0,5,60,1,GM/GOMBE/IDI PRIMARY SCHOOL/005,1,9,0,2,0,1,0,0,8,0,2,1,27,27,27
0,10,76,1,GM/YEMALTU DEBA/BELLO PRIMARY SCHOOL/004,0,11,0,2,0,0,0,1,13,0,0,1,4,21,4
0,7,69,1,GM/KWAMI/BOMALI PRIMARY SCHOOL/004,0,8,0,2,0,0,1,0,10,1,1,1,4,18,4
0,8,70,1,GM/NAFADA/BIRIN BOLAWA NORTH PRIMARY SCHOOL/005,1,6,0,3,0,0,1,0,5,0,0,1,0,10,0
0,4,55,1,GM/FUNAKAYE/JALINGO PRIMARY SCHOOL/005,0,7,0,1,0,0,1,0,15,1,2,1,0,10,0
0,10,76,1,GM/YEMALTU DEBA/BELLO PRIMARY SCHOOL/005,1,8,0,2,0,0,0,1,7,0,0,1,0,10,0
0,1,44,1,GM/BALANGA/DEGRI PRIMARY SCHOOL/005,1,8,0,3,0,0,1,0,5,1,1,1,38,41,38
0,4,53,1,GM/FUNAKAYE/GIRL CHILD PRIMARY SCHOOL/005,1,8,0,2,0,1,0,0,12,0,2,1,22,37,22
0,4,15,1,GM/FUNAKAYE/BAGE PRIMARY SCHOOL/005,0,7,0,2,0,1,0,0,10,1,2,1,0,10,0
0,10,77,1,GM/YEMALTU DEBA/DEBA CENTRAL PRIMARY SCHOOL/005,1,8,0,2,0,0,1,0,13,0,0,1,29,31,29
0,5,59,1,GM/GOMBE/JEKADAFARI PRIMARY SCHOOL/004,1,8,0,2,0,0,1,0,6,0,0,1,20,27,20
0,5,41,1,GM/AKKO/BOGO PRIMARY SCHOOL/005,1,8,0,3,0,0,1,0,5,0,1,1,13,23,13
0,0,63,1,GM/KALTUNGO/UMAR MEMORIAL PRIMARY SCHOOL/004,0,7,0,1,0,1,1,0,6,0,0,1,11,21,11
0,7,69,1,GM/KWAMI/BOMALI PRIMARY SCHOOL/005,1,9,0,1,0,1,1,0,10,0,0,1,17,25,17
0,5,59,1,GM/GOMBE/JEKADAFARI PRIMARY SCHOOL/005,1,8,0,2,0,0,1,0,13,0,0,1,27,30,27
0,0,42,1,GM/AKKO/AKKO PRIMARY SCHOOL/004,1,8,0,1,0,1,0,0,5,0,1,1,32,32,32
0,5,61,1,GM/GOMBE/PANTAMI PRIMARY SCHOOL/005,1,9,0,2,0,0,0,1,13,0,0,1,81,81,81
0,3,52,1,GM/DUKKU/FAMILY SUPPORT PRIMARY SCHOOL/005,1,8,0,1,0,0,1,0,12,0,2,1,0,10,0
0,7,67,1,GM/KWAMI/BODUJE PRIMARY SCHOOL/004,1,8,0,2,0,0,1,0,5,0,0,1,7,11,7
0,5,62,1,GM/GOMBE/GABUKKA PRIMARY SCHOOL/005,0,9,0,2,0,0,1,0,10,0,0,1,100,100,100
0,0,42,1,GM/AKKO/AKKO PRIMARY SCHOOL/005,0,7,0,1,0,0,1,0,9,1,0,1,32,35,32
0,6,63,1,GM/KALTUNGO/UMAR MEMORIAL PRIMARY SCHOOL/005,0,10,3,3,0,0,1,0,9,1,2,0,51,51,51
0,7,67,1,GM/KWAMI/BODUJE PRIMARY SCHOOL/005,1,10,0,2,0,0,1,0,6,0,1,1,24,29,24
1,17,114,0,AD/NUMAN /PARE GIRLS PRIMARY SCHOOL  /001,1,7,0,3,0,0,1,0,5,0,3,1,0,10,0
1,21,136,0,AD/YOLA SOUTH/ WURO HAUSA PRIMARY SCHOOL /003,1,9,0,1,0,1,0,0,6,0,2,1,13,22,13
1,14,94,0,AD/HONG/KWABAKTINA PRIMARY SCHOOL/005,0,7,0,2,0,0,0,1,5,1,0,2,2,15,2
1,21,101,0,AD/YOLA SOUTH/TC DEMONSTRATION PRIMARY SCHOOL /003,1,8,0,1,0,1,0,0,4,0,0,1,8,20,8
1,21,136,0,AD/YOLA SOUTH/WURO HAUSA PRIMARY SCHOOL /006,0,10,3,1,0,1,0,0,10,2,2,1,2,13,2
1,12,83,0,AD/GUYUK/JAGIRA PRIMARY SCHOOL/002,1,6,0,2,0,0,0,1,6,0,1,1,0,10,0
1,16,110,0,AD/MUBI SOUTH/MUHDA PRIMARY SCHOOL/004,1,6,0,2,0,0,1,0,3,0,2,1,6,26,6
1,21,116,0,AD/SHELLENG/GARIN AUDU PRIMARY SCHOOL/006,1,6,0,1,0,1,0,0,11,2,1,0,0,10,0
1,21,136,0,AD/YOLA SOUTH/WURO HAUSA PRIMARY SCHOOL /005,0,11,0,1,0,1,0,0,7,1,1,1,9,21,9
1,21,101,0,AD/YOLA SOUTH/TC DEMONSTRATION PRIMARY SCHOOL/005,0,7,0,1,0,1,0,0,6,0,0,1,2,11,2
1,21,139,0,AD/YOLASOUTH/YOLDEPATEPRIMARYSCHOOL/002,1,11,0,1,0,1,1,0,9,0,3,1,4,25,4
1,21,84,0,AD/GUYUK/LAKUMNA PRIMARY SCHOOL/004,0,5,0,2,0,0,0,1,4,0,1,1,2,26,2
1,15,105,0,AD/MICHIKA /YAMBULE  PRIMARY SCHOOL /006,0,5,0,2,0,0,1,1,6,0,1,0,0,10,0
1,19,124,0,AD/SONG/GULUNGO PRIMARY SCHOOL/005,1,7,0,2,0,0,0,1,8,0,2,1,1,23,1
1,16,107,0,AD/MUBI SOUTH/GEREWOL PRIMARY SCHOOL/006,0,8,0,2,0,0,1,1,10,0,0,1,7,40,7
1,16,110,0,AD/MUBI SOUTH/MUHDA PRIMARY SCHOOL/006,1,7,0,1,0,1,1,0,10,0,3,1,4,19,4
1,18,121,0,AD/SHELLENG/TALUM PRIMARY SCHOOL /004,0,7,0,2,0,0,1,0,6,0,0,1,0,10,0
1,13,89,0,AD/GANYE/DABORA PRIMARY SCHOOL/006,1,6,0,3,0,0,0,1,8,1,0,1,0,10,0
1,18,119,0,AD/SHELLENG/GOMBEYEL PRIMARY SCHOOL /004,1,6,0,3,0,0,1,0,4,0,0,0,0,10,0
1,14,94,0,AD/HONG/KWABAKTINA PRIMARY SCHOOL/003,1,8,1,3,0,0,1,0,7,1,3,1,0,10,0
1,12,84,0,AD/GUYUK/LAKUMNA PRIMARY SCHOOL/003,1,7,0,2,0,0,0,1,7,0,2,1,0,10,0
1,19,124,0,AD/SONG/GULUNGO PRIMARY SCHOOL/004,1,7,0,3,0,0,1,0,6,0,2,1,0,10,0
1,13,88,0,AD/GANYE/GAMU PRIMARY SCHOOL/003,0,7,0,3,0,0,0,1,7,1,5,1,3,19,3
1,19,125,0,AD/SONG/MOROMA PRIMARY SCHOOL/002,1,7,0,3,0,0,1,0,5,0,1,1,0,10,0
1,15,104,0,AD/MICHIKA /KUZUM  PRIMARY SCHOOL /002,0,6,0,2,0,0,1,1,6,0,1,0,0,10,0
1,16,107,0,AD/MUBI SOUTH/GEREWOL PRIMARY SCHOOL/ 001,1,7,0,2,0,1,1,0,16,0,2,1,0,10,0
1,18,119,0,AD/SHELLENG /GOMBEYEL PRIMARY SCHOOL /002,1,6,0,3,0,0,1,0,6,0,0,1,0,10,0
1,18,116,0,AD/SHELLENG/GARIN AUDU PRIMARY SCHOOL/002,0,5,0,2,0,0,1,1,7,0,0,1,0,10,0
1,13,93,0,AD/GANYE/GANG-AUDU PRIMARY SCHOOL/006,0,7,0,3,0,0,0,1,5,0,1,0,0,10,0
1,15,205,0,AD/MICHIKA/DEMONSTRATION PRIMARY SCHOOL/001,1,7,0,3,0,0,1,0,20,0,6,1,0,10,0
1,19,201,0,AD/SONG/BUNDU PRIMARY SCHOOL/001,0,5,0,2,0,0,0,1,5,0,0,1,0,10,0
1,15,105,0,AD/MICHIKA /YAMBULE PRIMARY SCHOOL /004,0,7,0,2,0,0,1,1,6,1,3,1,0,10,0
1,12,87,0,AD/GUYUK/GUNDENYI PRIMARY SCHOOL/001,0,7,0,3,0,0,1,0,5,0,1,1,0,10,0
1,14,95,0,AD/HONG/THABU PRIMARY SCHOOL/001,1,5,0,3,0,0,1,0,9,0,4,1,0,10,0
1,19,125,0,AD/SONG/MOROMA PRIMARY SCHOOL/006,1,5,0,3,0,0,1,0,6,0,1,0,0,10,0
1,16,106,0,AD/MUBI SOUTH ARMY CHILDREN PRIMARY SCHOOL/001,1,8,0,2,0,0,1,1,8,1,3,1,12,30,12
1,17,112,0,AD/ NUMAN/ HODILURA PRIMARY SCHOOL/002,1,9,3,3,0,0,1,0,8,1,0,1,1,11,3
1,19,126,0,AD/SONG/MARARRABA DUMNE PRIMARY SCHOOL/001,0,7,0,3,0,0,1,0,5,0,1,1,0,10,0
1,17,114,0,AD/NUMAN/PARE GIRLS PRIMARY SCHOOL/002,1,7,3,3,0,0,1,0,6,0,2,1,0,10,0
1,11,80,0,AD/FUFORE/HIRNANGE PRIMARY SCHOOL/005,0,7,0,2,0,0,1,0,8,2,0,1,0,10,0
1,19,126,0,AD/SONG/MARARRABA DUMNE PRIMARY SCHOOL/005,0,7,0,3,0,0,1,0,9,0,2,1,0,10,0
1,21,135,0,AD/YOLASOUTH/HAMMAWAPRIMARYSCHOOL/002,0,7,0,1,0,1,1,0,10,0,1,1,3,14,3
1,11,80,0,AD/FUFORE/HIRNANGE PRIMARY SCHOOL/006,1,7,0,2,0,0,1,0,7,0,0,1,0,10,0
1,13,90,0,AD/GANYE/PESSI PRIMARY SCHOOL/003,1,4,0,3,0,0,0,1,3,1,5,1,1,27,1
1,14,95,0,AD/HONG/THABU PRIMARY SCHOOL/003,0,7,2,3,0,0,1,0,5,0,1,1,0,10,0
1,21,139,0,AD/YOLASOUTH/YOLDEPATEPRIMARYSCHOOL/005,0,10,0,1,0,1,1,0,28,0,4,1,0,10,0
1,20,129,0,AD/TOUNGO/TASKI WAMBAI PRIMARY SCHOOL/005,1,9,0,3,0,0,0,1,8,1,1,0,0,10,0
1,21,139,0,AD/YOLASOUTH/YOLDEPATEPRIMARYSCHOOL/001,0,9,0,3,0,0,1,1,8,0,1,1,34,37,34
1,11,82,0,AD/FUFORE/ARDO HAMMANTUKUR MEMORIAL NURSERY AND PRIMARY SCHO,0,10,0,2,0,0,1,1,8,0,2,1,4,10,4
1,14,132,0,AD/HONG/SHARGUI PRIMARY SCHOOL/005,1,6,0,3,0,0,1,0,4,2,2,1,4,25,4
1,20,130,0,AD/TOUNGO/NAYAPRIMARYSCHOOL/003,1,8,0,3,0,0,1,0,5,1,0,0,0,10,0
1,14,95,0,AD/HONG/THABU PRIMARY SCHOOL/004,1,7,0,3,0,0,1,0,7,0,1,1,0,10,0
1,19,201,0,AD/SONG/BUNDU PRIMARY SCHOOL/006,0,5,0,3,0,0,1,0,4,0,0,1,0,10,0
1,18,118,0,AD/SHELLENG/BOBURO PRIMARY SCHOOL/004,1,8,0,2,0,0,1,1,10,0,1,1,0,10,0
1,18,206,0,AD/SHELLENG/BOKAKEKI PRIMARY SCHOOL/002,1,7,0,2,0,0,1,0,6,0,2,0,0,10,0
1,19,122,0,AD/SONG/BOLKI PRIMARY SCHOOL/004,1,5,0,3,0,0,1,0,8,0,2,1,0,10,0
1,21,138,0,AD/YOLASOUTH/RUMDEJABBIPRIMARYSCHOOL/006,0,8,0,1,0,1,1,0,12,0,2,1,0,10,0
1,20,129,0,AD/TOUNGO/TASKI WAMBAI PRIMARY SCHOOL/006,0,10,0,3,0,0,0,1,10,0,1,0,0,10,0
1,14,94,0,AD/HONG/KWABAKTINA PRIMARY SCHOOL/002,1,5,0,2,0,0,0,1,5,1,0,1,0,10,0
1,18,117,0,AD/SHELLENG/BOKAKEYI PRIMARY SCHOOL /004,1,8,0,3,0,0,1,0,7,0,2,0,0,10,0
1,18,116,0,AD/SHELLENG/GARIN AUDU PRIMARY SCHOOL/004,0,5,0,1,0,1,0,0,5,2,0,1,0,10,0
1,21,134,0,AD/YOLASOUTH/YELWAPRIMARYSCHOOL/004,1,7,3,2,0,1,1,0,9,2,2,1,4,18,4
1,15,99,0,AD/MICHIKA /CHASDEWOL PRIMARY SCHOOL /002,1,8,0,2,0,0,1,1,5,0,1,1,0,10,0
1,19,125,0,AD/SONG/MOROMA PRIMARY SCHOOL/004,0,8,0,3,0,0,1,0,9,0,2,0,0,10,0
1,11,81,0,AD/FUFORE/BONGIRE PRIMARY SCHOOL/001,0,8,0,2,0,1,1,0,9,0,1,1,2,10,2
1,15,205,0,AD/MICHIKA/DEMONSTRATION PRIMARY SCHOOL/002,1,7,0,3,1,0,1,0,9,0,1,1,0,10,0
1,11,80,0,AD/FUFORE/HIRNANGE PRIMARY SCHOOL/004,1,7,0,2,0,1,1,0,6,0,0,1,0,10,0
1,21,135,0,AD/YOLASOUTH/HAMMAWAPRIMARYSCHOOL/004,1,6,3,1,0,1,1,0,7,2,2,0,0,10,0
1,15,102,0,AD/MICHIKA /TIGHIMI  PRIMARY SCHOOL /005,0,9,0,2,0,0,1,1,5,0,1,0,0,10,0
1,11,82,0,AD/FUFORE/ARDO HAMMANTUKUR MEMORIAL NURSERY AND PRIMARY SCHO,0,10,0,2,0,0,1,1,5,0,2,1,5,10,5
1,14,98,0,AD/HONG/NGALBI PRIMARY SCHOOL/003,1,5,0,3,0,0,1,0,8,0,0,1,0,10,0
1,18,116,0,AD/SHELLENG/GARIN AUDU PRIMARY SCHOOL/003,1,6,0,3,0,0,0,1,7,2,1,1,0,10,0
1,13,92,0,AD/GANYE/GANGBUEN PRIMARY SCHOOL/006,0,8,0,3,0,0,0,1,5,0,1,0,4,30,4
1,20,128,0,AD/TOUNGO/BURTIPRIMARYSCHOOL/008,0,8,2,3,0,0,0,1,4,0,0,1,0,10,0
1,21,136,0,AD/YOLA SOUTH/WURO HAUSA PRIMARY SCHOOL/001,0,9,0,1,0,1,0,0,6,0,2,1,2,9,2
1,17,111,0,AD/ NUMAN/ KWAPUAKAI PRIMARY SCHOOL/ 004,1,11,0,2,0,0,1,0,10,0,6,1,1,11,5
1,20,128,0,AD/TOUNGO/BURTIPRIMARYSCHOOL/003,0,9,0,3,0,0,1,0,7,0,1,1,0,10,0
1,17,114,0,AD/NUMAN/PARE GIRLS PRIMARY SCHOOL/006,1,10,2,3,0,0,1,1,6,0,3,1,0,10,0
1,17,111,0,AD/ NUMAN/ KWAPUAKAI PRIMARY SCHOOL/003,0,10,0,3,0,0,1,0,10,0,0,1,3,12,18
1,15,100,0,AD/MICHIKA/PASTHA PRIMARY SCHOOL/001,0,8,2,3,0,0,1,0,5,0,1,1,0,10,0
1,12,86,0,AD/GUYUK/GWANAH PRIMARY SCHOOL/001,1,5,0,3,0,0,1,0,5,0,1,1,1,30,1
1,21,134,0,AD/YOLASOUTH/YELWAPRIMARYSCHOOL/005,0,10,0,2,0,1,1,0,10,0,4,1,0,10,0
1,15,100,0,AD/MICHIKA/PASTHA PRIMARY SCHOOL/005,1,9,0,3,0,0,1,0,11,0,2,1,0,10,0
1,18,120,0,AD/SHELLENG/GUNDO PRIMARY SCHOOL/001,0,7,0,2,0,0,1,1,5,1,0,1,1,10,1
1,12,86,0,AD/GUYUK/GWANAH PRIMARY SCHOOL/004,0,6,0,2,0,0,0,1,5,0,2,1,0,10,0
1,21,137,0,AD/YOLASOUTH/DAMAREPRIMARYSCHOOL/005,0,8,0,2,0,0,1,0,8,0,2,1,0,10,0
1,14,96,0,AD/HONG/KUKURPU PRIMARY SCHOOL/003,1,6,0,3,0,0,0,1,6,0,1,1,0,10,0
1,12,86,0,AD/GUYUK/GWANAH PRIMARY SCHOOL/005,1,9,0,2,0,0,0,1,4,0,1,1,0,10,0
1,16,107,0,AD/MUBI SOUTH/GEREWOL PRIMARY SCHOOL/005,0,7,0,2,0,0,1,0,5,0,1,1,0,10,0
1,13,91,0,AD/GANYE/SUGU-2 PRIMARY SCHOOL/002,1,6,0,3,0,0,0,1,8,0,5,1,3,18,3
1,16,106,0,AD/MUBI SOUTH/ARMY CHILDREN PRIMARY SCHOOL/005,0,9,0,2,0,0,1,1,20,0,2,1,1,33,1
1,14,95,0,AD/HONG/THABU PRIMARY SCHOOL/002,0,10,2,3,0,0,1,0,5,0,3,1,0,10,0
1,19,201,0,AD/SONG/BUNDU PRIMARY SCHOOL/005,0,7,0,3,0,0,1,0,8,0,2,1,0,10,0
1,21,139,0,AD/YOLASOUTH/YOLDEPATEPRIMARYSCHOOL/006,1,9,3,1,0,1,1,0,5,2,2,1,0,10,0
1,17,115,0,AD/NUMAN/JIGAWA PRIMARY SCHOOL/002,1,7,2,1,0,0,1,0,18,0,0,1,3,12,3
1,14,95,0,AD/HONG/THABU PRIMARY SCHOOL/005,0,6,0,3,0,0,1,0,4,0,2,1,0,10,0
1,18,121,0,AD/SHELLENG /TALUM PRIMARY SCHOOL /003,1,6,0,3,0,0,1,0,6,1,1,1,0,10,0
1,18,119,0,AD/SHELLENG/GOMBEYEL PRIMARY SCHOOL /005,0,10,0,2,0,0,1,0,6,0,1,0,0,10,0
1,21,139,0,AD/YOLASOUTH/YOLDEPATEPRIMARYSCHOOL/004,1,10,0,1,0,1,1,0,11,0,3,1,43,48,43
1,19,126,0,AD/SONG/MARARRABA DUMNE PRIMARY SCHOOL/003,0,8,0,3,0,0,1,0,7,1,1,1,0,10,0
1,14,132,0,AD/HONG/ SHARGUI PRIMARY SCHOOL/004,0,7,0,3,0,0,1,0,12,0,4,1,3,15,3
1,21,205,0,AD/YOLA SOUTH/TC DEMONSTRATION PRIMARY SCHOOL /004,1,10,3,3,0,0,0,1,7,1,1,1,17,19,17
1,13,88,0,AD/GANYE/GAMU PRIMARY SCHOOL/001,0,7,0,3,0,0,0,1,8,2,5,1,4,21,4
1,18,118,0,AD/SHELLENG/BOBURO PRIMARY SCHOOL/005,0,9,0,2,0,0,1,1,5,0,0,1,0,10,0
1,18,121,0,AD/SHELLENG /TALUM PRIMARY SCHOOL /001,0,6,0,2,0,0,1,0,6,0,1,0,0,10,0
1,15,103,0,AD/MICHIKA/BARKI DLAKA PRIMARY SCHOOL/001,0,7,0,3,0,0,1,0,6,0,1,1,3,18,3
1,16,107,0,AD/MUBI SOUTH/GEREWOL PRIMARY SCHOOL/003,0,6,0,2,0,1,1,0,10,0,3,1,0,10,0
1,20,128,0,AD/TOUNGO/BURTIPRIMARYSCHOOL/005,0,9,0,3,0,0,1,0,7,0,0,1,0,10,0
1,12,87,0,AD/GUYUK/GUNDENYI PRIMARY SCHOOL/005,0,5,0,2,0,0,0,1,4,0,0,1,0,10,0
1,13,91,0,AD/GANYE/SUGU-2 PRIMARY SCHOOL/004,1,7,0,3,0,0,0,1,7,1,5,1,2,22,2
1,18,117,0,AD/SHELLENG/BOKAYEKI PRIMARY SCHOOL /003,0,10,0,3,0,0,1,0,7,0,1,0,0,10,0
1,16,110,0,AD/MUBI SOUTH/MUHDA PRIMARY SCHOOL/005,0,6,0,1,0,1,0,0,10,0,2,0,0,10,0
1,17,94,0,AD/HONG/KWABAKTINA PRIMARY SCHOOL /001,0,6,0,3,0,0,1,0,8,1,0,0,1,25,1
1,13,113,0,AD/NUMAN/BARE PRIMARY SCHOOL/005,0,9,0,3,0,0,1,0,6,0,2,1,0,10,0
1,21,137,0,AD/YOLASOUTH/DAMAREPRIMARYSCHOOL/001,1,9,0,2,0,0,1,0,6,0,2,1,24,28,24
1,21,89,0,AD/GANYE/DABORA PRIMARY SCHOOL/005,1,6,0,3,0,0,0,1,6,1,0,1,0,10,0
1,21,135,0,AD/YOLASOUTH/HAMMAWAPRIMARYSCHOOL/001,1,7,0,1,0,1,1,0,11,0,3,1,9,19,9
1,15,205,0,AD/MICHIKA/DEMONSTRATION PRIMARY SCHOOL/003,1,6,0,2,0,0,1,0,7,0,2,1,0,10,0
1,11,80,0,AD/FUFORE/HIRNANGE PRIMARY SCHOOL/003,1,6,0,1,0,1,1,0,8,0,0,1,0,10,0
1,11,207,0,AD/FUFORE/ARDO HAMMANTUKUR MEMORIAL NURSERY AND PRIMARY SCHO,1,4,0,2,0,1,1,0,4,0,1,1,2,10,2
1,13,93,0,AD/GANYE/GANG-AUDU PRIMARY SCHOOL/001,0,7,0,3,0,0,0,1,6,1,5,1,0,10,0
1,20,127,0,AD/TOUNGO/MAYOGBAGBAGPRIMARYSCHOOL/004,0,9,0,3,0,0,1,0,7,0,2,1,0,10,0
1,20,128,0,AD/TOUNGO/BURTIPRIMARYSCHOOL/004,1,8,0,3,0,0,1,0,6,0,0,1,0,10,0
1,12,85,0,AD/GUYUK/GOROTORO PRIMARY SCHOOL/001,0,5,3,2,0,0,0,1,3,0,0,1,1,10,2
1,21,134,0,AD/YOLASOUTH/YELWAPRIMARYSCHOOL/002,1,9,3,1,0,1,0,0,19,2,3,0,0,10,0
1,12,83,0,AD/GUYUK/JAGIRA PRIMARY SCHOOL/003,1,6,0,2,0,0,0,1,4,0,1,1,0,10,0
1,18,116,0,AD/SHELLENG/GARIN AUDU PRIMARY SCHOOL/001,1,6,0,2,0,0,1,0,11,0,4,0,0,10,0
1,14,96,0,AD/HONG/KUKURPU PRIMARY SCHOOL/006,1,9,3,3,0,0,0,1,7,1,0,1,0,10,0
1,12,85,0,AD/GUYUK/GOROTORO PRIMARY SCHOOL/006,1,6,3,3,0,0,1,0,3,0,0,1,0,10,0
1,14,97,0,AD/HONG/SHARGUI  PRIMARY SCHOOL/005,1,6,0,2,0,0,1,1,6,1,0,1,0,10,0
1,13,90,0,AD/GANYE/PESSI PRIMARY SCHOOL/002,0,7,0,3,0,0,0,1,9,0,5,1,4,27,4
1,21,138,0,AD/YOLASOUTH/RUMDEJABBIPRIMARYSCHOOL/005,1,8,1,1,0,1,1,0,9,2,1,1,0,10,0
1,12,86,0,AD/GUYUK/GWANAH PRIMARY SCHOOL/002,0,5,0,3,0,0,1,0,6,0,2,1,0,10,0
1,13,91,0,AD/GANYE/SUGU-2 PRIMARY SCHOOL/001,1,6,0,3,0,0,0,1,5,0,0,1,4,27,4
1,19,201,0,AD/SONG/BUNDU PRIMARY SCHOOL/004,1,6,0,2,0,0,1,0,10,0,2,1,0,10,0
1,21,134,0,AD/YOLASOUTH/YELWAPRIMARYSCHOOL/003,0,9,0,1,0,1,1,0,12,0,2,1,0,10,0
1,18,116,0,AD/SHELLENG/GARIN AUDU PRIMARY SCHOOL/005,0,6,0,1,0,1,0,0,5,2,6,1,0,10,0
1,13,91,0,AD/GANYE/SUGU-2 PRIMARY SCHOOL/003,0,7,1,3,0,0,0,1,10,1,5,1,3,25,3
1,15,103,0,AD/MICHIKA/BARKI DLAKA PRIMARY SCHOOL/006,1,6,0,3,0,0,1,0,12,0,2,1,0,10,0
1,17,114,0,AD/NUMAN/PARE GIRLS PRIMARY SCHOOL/005,1,9,3,3,0,0,1,1,4,0,2,1,3,13,3
1,15,103,0,AD/MICHIKA/BARKI DLAKA PRIMARY SCHOOL/002,1,6,0,3,0,0,1,0,8,0,1,1,2,12,2
1,14,96,0,AD/HONG/KUKURPU PRIMARY SCHOOL/002,0,5,0,3,0,0,1,1,5,1,0,1,0,10,0
1,11,81,0,AD/FUFORE/BONGIRE PRIMARY SCHOOL/004,1,5,0,2,0,0,1,1,7,0,1,1,3,10,3
1,12,87,0,AD/GUYUK/GUNDENYI PRIMARY SCHOOL/006,1,6,0,2,1,0,0,1,5,0,2,1,0,10,0
1,15,100,0,AD/MICHIKA/PASTHA PRIMARY SCHOOL/006,1,9,2,3,0,0,1,0,11,1,2,1,0,10,0
1,12,87,0,AD/GUYUK/GUNDENYI PRIMARY SCHOOL/002,1,6,0,2,1,0,0,0,8,0,1,1,0,10,0
1,12,85,0,AD/GUYUK/GOROTORO PRIMARY SCHOOL/004,0,7,0,1,0,0,1,0,3,0,0,1,0,10,0
1,13,90,0,AD/GANYE/PESSI PRIMARY SCHOOL/001,0,6,0,3,0,0,0,1,5,1,5,1,2,15,2
1,15,100,0,AD/MICHIKA/PASTHA PRIMARY SCHOOL/003,0,7,0,3,0,0,1,0,20,0,3,1,0,10,0
1,18,118,0,AD/SHELLENG/BOBURO PRIMARY SCHOOL/006,1,7,0,2,0,0,1,1,5,0,0,1,0,10,0
1,21,138,0,AD/YOLASOUTH/RUMDE JABBIPRIMARYSCHOOL/002,0,9,0,1,0,1,1,0,12,0,2,1,0,10,0
1,16,108,0,AD/MUBI SOUTH/GIRPATA PRIMARY SCHOOL/002,0,10,0,2,0,1,1,1,8,0,2,1,10,24,10
1,18,121,0,AD/SHELLENG/TALUM  PRIMARY SCHOOL /006,1,7,0,3,0,0,1,0,9,0,3,0,0,10,0
1,19,122,0,AD/SONG/BOLKI PRIMARY SCHOOL/002,1,6,0,2,0,0,1,0,7,0,2,1,0,10,0
1,16,109,0,AD/MUBI SOUTH/GWALEM PRIMARY SCHOOL/001,1,7,0,0,1,0,1,0,6,0,0,1,0,10,0
1,17,115,0,AD/NUMAN/JIGAWA PRIMARY SCHOOL /005,0,10,0,1,0,0,1,0,13,0,1,1,5,13,5
1,13,89,0,AD/GANYE/DABORA PRIMARY SCHOOL/004,0,6,0,3,0,0,0,1,4,1,0,1,0,10,0
1,12,83,0,AD/GUYUK/JAGIRA PRIMARY SCHOOL/005,1,5,0,3,0,0,1,0,5,0,1,1,0,10,0
1,21,132,0,AD/YOLA SOUTH/SHAGARI PRIMARY SCHOOL /004,1,10,3,3,0,0,1,1,3,0,1,1,2,12,2
1,14,96,0,AD/HONG/KUKURPU PRIMARY SCHOOL/001,1,5,3,3,0,0,0,1,4,1,0,1,0,10,0
1,15,103,0,AD/MICHIKA/BARKI DLAKA PRIMARY SCHOOL/004,1,7,1,3,0,0,1,0,10,0,0,1,0,10,0
1,12,86,0,AD/GUYUK/GWANAH PRIMARY SCHOOL/003,1,5,0,2,0,0,0,1,4,0,1,1,0,10,0
1,15,104,0,AD/MICHIKA /KUZUM  PRIMARY SCHOOL /004,0,6,0,2,0,0,1,1,8,0,2,1,0,10,0
1,18,120,0,AD/SHELLENG/GUNDO PRIMARY SCHOOL/003,0,7,0,2,0,0,1,0,7,0,1,0,0,10,0
1,19,126,0,AD/SONG/MARARRABA DUMNE PRIMARY SCHOOL/004,0,7,0,3,0,0,1,0,8,0,2,0,0,10,0
1,21,132,0,AD/YOLA SOUTH/ SHAGARI PRIMARY SCHOOL/002,0,12,0,3,0,1,0,1,6,0,3,1,16,22,16
1,17,112,0,AD/ NUMAN/ HODILURA PRIMARY SCHOOL/ 005,0,9,0,3,0,0,1,0,9,0,0,1,0,10,0
1,6,91,0,AD/GANYE/SUGU-2 PRIMARY SCHOOL/005,0,5,0,3,0,0,0,1,4,1,5,1,0,10,0
1,15,102,0,AD/MICHIKA /TIGHMI  PRIMARY SCHOOL /003,0,9,0,2,0,0,1,1,10,0,1,1,0,10,0
1,18,119,0,AD/SHELLENG /GOMBEYEL PRIMARY SCHOOL /001,0,7,0,2,0,0,1,0,7,0,2,1,0,10,0
1,20,130,0,AD/TOUNGO/NAYAPRIMARYSCHOOL/001,1,7,0,3,0,0,1,1,5,0,0,1,0,10,0
1,20,130,0,AD/TOUNGO/NAYAPRIMARYSCHOOL/004,0,8,0,3,0,0,1,0,7,0,1,1,0,10,0
1,14,96,0,AD/HONG/KUKURPU PRIMARY SCHOOL/004,0,8,2,2,0,0,0,1,5,1,1,0,0,10,0
1,17,114,0,AD /NUMAN/PARE GIRLS PRIMARY SCHOOL/004,1,13,3,3,0,0,1,1,4,0,2,1,16,22,16
1,11,81,0,AD/FUFORE/BONGIRE PRIMARY SCHOOL/005,0,8,0,2,0,1,0,1,9,0,1,1,2,10,2
1,15,105,0,AD/MICHIKA /YAMBULE  PRIMARY SCHOOL /003,1,10,0,2,0,0,1,1,6,1,1,1,0,10,0
1,13,91,0,AD/GANYE/SUGU-2 PRIMARY SCHOOL/006,1,5,0,3,0,0,0,1,10,1,5,1,3,19,3
1,13,89,0,AD/GANYE/DABORA PRIMARY SCHOOL/003,0,6,0,3,0,0,1,1,8,1,0,1,0,10,0
1,19,122,0,AD/SONG/BOLKI PRIMARY SCHOOL/006,0,6,0,2,0,0,1,0,7,0,2,1,0,10,0
1,15,99,0,AD/MICHIKA /CHASDEWOL PRIMARY SCHOOL /005,1,7,0,2,0,0,1,1,10,0,2,0,10,40,10
1,15,104,0,AD/MICHIKA /KUZUM  PRIMARY SCHOOL /006,0,8,3,2,0,0,1,1,6,1,2,1,0,10,0
1,13,92,0,AD/GANYE/GANGBUEN PRIMARY SCHOOL/002,0,8,3,3,0,0,0,1,7,1,5,1,0,10,0
1,13,92,0,AD/GANYE/GANGBUEN PRIMARY SCHOOL/001,1,6,0,3,0,0,0,1,5,0,0,1,5,30,5
1,13,93,0,AD/GANYE/GANG-AUDU PRIMARY SCHOOL/003,1,7,0,3,0,0,0,1,10,0,0,1,1,30,1
1,16,107,0,AD/MUBI SOUTH/GEREWOL PRIMARY SCHOOL/004,0,8,2,2,0,0,1,1,4,0,3,1,0,10,0
1,17,113,0,AD /NUMAN/BARE PRIMARY SCHOOL/001,0,9,0,3,0,0,1,0,8,0,3,0,0,10,0
1,13,93,0,AD/GANYE/GANG-AUDU PRIMARY SCHOOL/002,1,6,0,3,0,0,0,1,10,1,6,2,0,10,0
1,18,118,0,AD/SHELLENG/BOBURO PRIMARY SCHOOL/003,0,9,0,2,0,0,1,1,5,0,1,1,0,10,0
1,18,120,0,AD/SHELLENG/GUNDO PRIMARY SCHOOL/006,1,6,0,2,0,0,1,1,8,0,2,0,0,10,0
1,15,99,0,AD/MICHIKA /CHASDEWOL PRIMARY SCHOOL /006,0,8,0,2,0,0,1,1,7,0,1,1,0,10,0
1,12,83,0,AD/GUYUK/JAGIRA PRIMARY SCHOOL/006,1,6,0,3,0,0,1,0,6,0,1,1,0,10,0
1,19,124,0,AD/SONG/GULUNGO PRIMARY SCHOOL/001,0,7,0,3,0,0,1,0,6,0,1,0,0,10,0
1,15,102,0,AD/MICHIKA /TIGHIMA PRIMARY SCHOOL /001,0,10,1,2,0,0,1,1,8,0,2,1,0,10,0
1,21,101,0,AD/YOLA SOUTH/TC DEMONSTRATION PRIMARY SCHOOL /006,1,7,0,2,0,0,1,0,7,0,3,1,12,18,12
1,12,84,0,AD/GUYUK/LAKUMNA PRIMARY SCHOOL/001,0,5,0,2,0,0,0,1,4,0,1,1,0,10,0
1,16,108,0,AD/MUBI SOUTH/GIRPATA PRIMARY SCHOOL/006,0,8,0,2,0,0,1,1,10,1,5,1,0,10,0
1,13,89,0,AD/GANYE/DABORA PRIMARY SCHOOL/001,0,6,0,3,0,0,0,1,8,1,0,1,0,10,0
1,12,83,0,AD/GUYUK/JAGIRA PRIMARY SCHOOL/001,0,7,0,2,0,0,0,1,5,0,1,0,1,18,1
1,17,113,0,AD/NUMAN  /BARE PRIMARY SCHOOL/006,1,9,0,3,0,0,1,0,5,0,2,1,0,10,0
1,15,99,0,AD/MICHIKA /CHASDEWOL PRIMARY SCHOOL /003,0,8,0,2,0,0,1,1,9,0,1,1,0,10,0
1,21,101,0,AD/YOLA SOUTH/TC DEMONSTRATION PRIMARY SCHOOL /002,0,9,0,1,0,1,1,0,5,0,1,1,21,26,21
1,16,106,0,AD/MUBI SOUTH/ARMY CHILDREN PRIMARY SCHOOL/006,1,7,0,2,0,0,1,1,8,0,2,1,2,25,2
1,20,130,0,AD/TOUNGO/NAYAPRIMARYSCHOOL/005,0,8,0,3,0,0,1,0,9,1,0,0,0,10,0
1,13,92,0,AD/GANYE/GANGBUEN PRIMARY SCHOOL/004,0,6,0,3,0,0,0,1,5,0,0,1,0,10,0
1,19,125,0,AD/SONG/MOROMA PRIMARY SCHOOL/001,1,7,0,2,0,0,1,0,9,1,1,1,0,10,0
1,17,111,0,AD/ NUMAN/ KWAPUAKAI PRIMARY SCHOOL/ 006,1,11,0,2,0,0,1,0,8,0,0,1,2,11,11
1,18,119,0,AD/SHELLE/GOMBEYEL PRIMARY SCHOOL /003,0,7,0,2,0,0,0,1,5,0,0,0,0,10,0
1,16,108,0,AD/MUBI SOUTH/GIRPATA PRIMARY SCHOOL/001,1,10,0,2,0,1,1,0,10,0,1,0,39,46,39
1,21,135,0,AD/YOLASOUTH/HAMMAWAPRIMARYSCHOOL/006,1,8,0,2,0,1,1,0,10,0,1,1,4,24,4
1,19,124,0,AD/SONG/GULUNGO PRIMARY SCHOOL/003,0,7,3,3,0,0,1,0,6,2,1,1,0,10,0
1,12,84,0,AD/GUYUK/LAKUMNA PRIMARY SCHOOL/005,1,9,0,2,0,0,0,1,20,0,2,1,0,10,0
1,18,117,0,AD/SHELLENG /BAKAYEKI PRIMARY SCHOOL/001,0,8,0,3,0,0,1,0,9,0,3,1,0,10,0
1,12,87,0,AD/GUYUK/GUNDENYI PRIMARY SCHOOL/003,0,6,0,2,0,0,0,1,4,0,1,1,0,10,0
1,15,105,0,AD/MICHIKA /YAMBULE  PRIMARY SCHOOL /005,1,12,3,2,0,0,1,1,6,1,0,1,0,10,0
1,16,106,0,AD/MUBI SOUTH/ARMY CHLIDREN PRIMARY SCHOOL/002,0,9,3,2,0,0,1,1,16,0,1,1,0,10,0
1,18,117,0,AD/SHELLENG/BOKAYEKI PRIMARY SCHOOL /006,1,8,0,3,0,0,1,0,7,0,1,1,0,10,0
1,15,104,0,AD/MICHIKA /KUZUM  PRIMARY SCHOOL /005,1,6,0,2,0,0,1,1,5,0,1,1,0,10,0
1,16,109,0,AD/MUBI SOUTH/GWALEM PRIMARY SCHOOL/004,0,8,0,2,0,0,1,1,10,1,5,1,0,10,0
1,13,90,0,AD/GANYE/PESSI PRIMARY SCHOOL/004,0,7,0,3,0,0,0,1,6,1,0,1,5,28,5
1,12,85,0,AD/GUYUK/GOROTORO PRIMARY SCHOOL/005,0,5,0,2,0,0,0,1,4,0,1,1,0,10,0
1,12,84,0,AD/GUYUK/LAKUMNA PRIMARY SCHOOL/002,0,5,0,2,0,0,0,1,4,0,1,1,0,10,0
1,18,121,0,AD/SHELLENG /TALUM PRIMARY SCHOOL /005,1,7,3,2,0,0,1,0,6,0,0,1,0,10,0
1,20,129,0,AD/TOUNGO/TASKI WAMBAI PRIMARY SCHOOL/001,1,9,0,3,0,0,1,0,9,1,1,0,0,10,0
1,17,113,0,AD/NUMAN/BARE  PRIMARY SCHOOL/003,1,9,0,3,0,0,1,0,6,0,1,1,0,10,0
1,15,103,0,AD/MICHIKA/BARKI DLAKA PRIMARY SCHOOL/005,0,6,5,3,0,0,1,0,7,0,1,1,2,14,2
1,14,94,0,AD/HONG/KWABAKTINA PRIMARY SCHOOL/004,1,6,0,3,0,0,0,1,4,0,1,1,0,10,0
1,14,98,0,AD/HONG/NGALBI PRIMARY SCHOOL/001,1,7,0,2,0,0,1,0,7,0,2,1,0,10,0
1,15,102,0,AD/MICHIKA /TIGHMI PRIMARY SCHOOL /002,1,6,3,2,0,0,1,1,8,1,1,1,0,10,0
1,21,137,0,AD/YOLASOUTH/DAMAREPRIMARYSCHOOL/002,0,10,3,1,0,1,1,0,20,2,2,1,0,10,0
1,20,128,0,AD/TOUNGO/BURTIPRIMARYSCHOOL/001,0,7,0,2,0,0,0,1,5,0,0,1,0,10,0
1,18,119,0,AD/SHELLENG /GOMBEYEL PRIMARY SCHOOL /006,1,7,0,2,0,0,1,0,6,0,0,0,0,10,0
1,14,98,0,AD/HONG/NGALBI PRIMARY SCHOOL/004,1,4,0,3,0,0,1,0,11,0,3,1,0,10,0
1,16,107,0,AD/MUBI SOUTH/GEREWOL PRIMARY SCHOOL/002,1,7,1,1,0,1,1,0,7,0,4,1,3,25,3
1,16,110,0,AD/MUBI SOUTH/MUHDA PRIMARY SCHOOL001,0,7,0,1,0,1,0,0,10,0,2,0,0,10,0
1,15,99,0,AD/MICHIKA/CHASDEWOL PRIMARY SCHOOL/004,0,7,0,2,0,0,1,1,6,0,1,1,0,10,0
1,17,112,0,AD/ NUMAN/ HODILURA PRIMARY SCHOOL/ 006,1,9,0,3,0,0,0,1,4,0,0,1,1,10,4
1,12,85,0,AD/GUYUK/GOROTORO PRIMARY SCHOOL/002,0,6,0,2,0,1,0,0,3,0,1,1,2,17,2
1,17,111,0,AD/ NUMAN/ KWAPUAKAI PRIMARY SCHOOL/ 005,0,10,2,2,0,0,1,0,4,0,0,1,1,11,8
1,16,106,0,AD/MUBI SOUTH/ARMY CHILDREN PRIMARY SCHOOL/004,1,10,0,2,0,1,1,0,8,0,4,1,20,25,20
1,20,127,0,AD/TOUNGO/MAYOGBAGBAGPRIMARYSCHOOL/001,1,8,0,3,0,0,1,1,9,0,1,1,0,10,0
1,15,104,0,AD/MICHIKA /KUZUM PRIMARY SCHOOL /001,0,7,0,2,0,0,1,1,6,1,1,1,0,10,0
1,15,205,0,AD/MICHIKA/DEMONSTRATION PRIMARY SCHOOL/004,0,7,0,3,0,0,1,0,6,0,0,1,0,10,0
1,19,122,0,AD/SONG/BOLKI PRIMARY SCHOOL/001,1,5,0,3,0,0,1,0,6,0,1,1,0,10,0
1,18,121,0,AD/SHELLENG /TALUM PRIMARY SCHOOL /002,1,8,2,3,0,0,1,0,6,0,1,1,20,27,20
1,16,110,0,AD/MUBI SOUTH/MUHDA PRIMARY SCHOOL/ 003,0,7,0,1,0,1,0,0,14,0,1,1,5,30,5
1,15,100,0,AD/MICHIKA/PASTHA PRIMARY SCHOOL/004,1,8,0,3,0,0,1,0,11,0,2,1,0,10,0
1,17,113,0,AD/NUMAN/BARE PRIMARY SCHOOL/002,1,11,3,2,0,0,1,0,5,0,1,1,0,10,0
1,17,112,0,AD/ NUMAN/ HODILURA PRIMARY SCHOOL/004,1,7,0,3,0,0,1,0,5,0,0,1,0,10,0
1,16,109,0,AD/MUBI SOUTH/GWALEM PRIMARY SCHOOL/006,0,7,0,2,0,0,1,1,9,1,5,1,0,10,0
1,21,138,0,AD/YOLASOUTH/RUMDEJABBIPRIMARYSCHOOL/003,1,10,0,2,0,0,1,1,8,0,2,1,0,10,0
1,18,118,0,AD/SHELLENG/BOBURO PRIMARY SCHOOL/002,1,7,0,2,0,0,1,0,4,0,1,0,2,20,2
1,14,98,0,AD/HONG/NGALBI PRIMARY SCHOOL/005,1,4,0,3,0,0,1,0,9,0,1,1,0,10,0
1,15,102,0,AD/MICHIKA /TIGHIMI PRIMARY SCHOOL /004,1,8,0,2,0,0,1,1,5,0,2,1,0,10,0
1,11,81,0,AD/FUFORE/BONGIRE PRIMARY SCHOOL/002,1,9,3,1,0,1,1,0,10,0,1,1,0,10,0
1,12,85,0,AD/GUYUK/GOROTORO PRIMARY SCHOOL/003,1,7,0,2,0,1,0,0,6,0,0,1,0,10,0
1,17,111,0,AD/ NUMAN/ KWAPUAKAI PRIMARY SCHOOL/001,0,11,0,1,0,0,1,0,9,0,0,1,0,10,0
1,21,132,0,AD/YOLA SOUTH/ SHAGARI PRIMARY SCHOOL/001,0,9,0,2,1,0,1,0,6,0,2,1,4,12,4
1,13,88,0,AD/GANYE/GAMU PRIMARY SCHOOL/002,1,6,0,3,0,0,0,1,7,1,5,1,3,20,3
1,15,99,0,AD/MICHIKA /CHASDEWOL PRIMARY SCHOOL /001,0,7,0,2,0,0,1,1,8,0,1,1,0,10,0
1,18,118,0,AD/SHELLENG/BOBURO PRIMARY SCHOOL/001,0,9,0,2,0,0,1,1,12,0,0,0,1,6,1
1,19,125,0,AD/SONG/MOROMA PRIMARY SCHOOL/003,0,8,0,3,0,0,1,0,7,0,6,1,1,23,1
1,20,128,0,AD/TOUNGO/BURTIPRIMARYSCHOOL/006,1,9,3,3,0,0,1,0,5,0,0,1,0,10,0
1,20,127,0,AD/TOUNGO/MAYOGBAGBAGPRIMARYSCHOOL/006,1,10,0,3,0,0,1,1,10,0,0,0,0,10,0
1,21,134,0,AD/YOLASOUTH/YELWAPRIMARYSCHOOL/001,0,6,0,1,0,1,1,0,9,0,3,0,0,10,0
1,15,102,0,AD/MICHIKA /TIGHIMI  PRIMARY SCHOOL /006,1,5,0,2,0,0,1,1,6,0,1,1,0,10,0
1,19,122,0,AD/SONG/.BOLKI PRIMARY SCHOOL/005,0,5,0,3,0,0,1,0,6,0,1,1,0,10,0
1,15,104,0,AD/MICHIKA /KUZUM  PRIMARY SCHOOL /003,1,10,3,2,0,0,1,1,6,1,0,1,0,10,0
1,21,136,0,AD/YOLA SOUTH/WURO HAUSA PRIMARY SCHOOL /004,1,8,0,2,0,0,1,0,7,0,1,1,3,16,3
1,21,135,0,AD/YOLASOUTH/HAMMAWAPRIMARYSCHOOL/005,0,8,0,1,0,1,1,0,8,0,2,1,4,24,4
1,19,126,0,AD/SONG/MARARRABA DUMNE PRIMARY SCHOOL/006,1,8,0,3,0,0,1,0,10,0,2,1,0,10,0
1,12,83,0,AD/GUYUK/JAGIRA PRIMARY SCHOOL/004,1,5,0,3,0,0,1,0,5,0,1,1,0,10,0
1,16,108,0,AD/MUBI SOUTH/GIRPATA PRIMARY SCHOOL/003,1,9,0,2,1,0,1,1,12,0,0,1,61,66,61
1,21,132,0,AD/YOLA SOUTH/SHAGARI PRIMARY SCHOOL/006,1,7,0,1,0,1,0,0,4,1,1,1,0,10,0
1,21,136,0,AD/YOLA SOUTH/WURO HAUSA PRIMARY SCHOOL/002,1,7,0,2,0,0,1,0,6,0,3,1,5,10,5
1,19,201,0,AD/SONG/BUNDU PRIMARY SCHOOL/003,0,7,0,2,0,0,1,0,6,0,0,1,2,21,2
1,13,93,0,AD/GANYE/GANG-AUDU PRIMARY SCHOOL/004,0,6,0,3,0,0,0,1,4,1,5,1,3,17,3
1,18,120,0,AD/SHELLENG/GUNDO PRIMARY SCHOOL/004,1,6,0,2,0,0,1,1,9,0,1,0,0,10,0
1,19,122,0,AD/SONG/BOLKI PRIMARY SCHOOL/003,0,5,0,2,0,0,1,0,5,0,3,1,1,29,1
1,21,138,0,AD/YOLASOUTH/RUMDEJABBIPRIMARYSCHOOL/001,1,9,0,1,0,1,1,0,10,0,1,1,0,10,0
1,19,125,0,AD/SONG/MOROMA PRIMARY SCHOOL/005,0,6,0,2,0,0,1,0,5,0,1,1,0,10,0
1,14,97,0,AD/HONG/SHARGUI PRIMARY SCHOOL/004,1,7,0,1,0,1,1,0,10,0,0,1,0,10,0
1,13,89,0,AD/GANYE/DABORA PRIMARY SCHOOL/002,1,7,0,2,0,0,1,1,6,1,0,1,3,8,3
1,20,129,0,AD/TOUNGO/TASKI WAMBAI PRIMARY SCHOOL/003,1,8,0,3,0,0,0,1,10,0,2,1,0,10,0
1,17,115,0,AD/NUMAN/JIGAWA PRIMARY SCHOOL/006,0,10,0,1,0,0,1,0,4,0,1,1,3,14,3
1,15,101,0,AD/MICHIKA/DEMONSTRATION PRIMARY SCHOOL/005,0,6,0,3,0,0,1,0,7,0,1,1,0,10,0
1,20,130,0,AD/TOUNGO/NAYAPRIMARYSCHOOL/006,1,9,0,3,0,0,1,0,10,0,0,0,0,10,0
1,12,84,0,AD/GUYUK/LAKUMNA PRIMARY SCHOOL/006,1,5,0,2,0,0,0,1,5,0,1,1,0,10,0
1,17,112,0,AD/ NUMAN/ HODILURA PRIMARY SCHOOL/ 003,0,9,0,3,0,0,1,0,6,0,0,1,2,11,5
1,12,87,0,AD/GUYUK/GUNDENYI PRIMARY SCHOOL/004,1,6,0,2,0,0,0,1,9,0,2,1,0,10,0
1,21,137,0,AD/YOLASOUTH/DAMAREPRIMARYSCHOOL/004,1,7,0,2,0,0,1,0,8,1,2,0,0,10,0
1,19,124,0,AD/SONG/GULUNGO PRIMARY SCHOOL/002,1,7,0,3,0,0,1,0,8,0,2,1,4,24,4
1,20,129,0,AD/TOUNGO/TASKI WAMBAI PRIMARY SCHOOL/004,1,9,0,3,0,0,1,0,6,0,2,1,0,10,0
1,17,113,0,AD/NUMAN/BARE PRIMARY SCHOOL  /004,0,10,0,3,0,0,1,0,10,0,2,0,3,7,3
1,20,127,0,AD/TOUNGO/MAYOGBAGBAGPRIMARYSCHOOL/003,1,9,0,3,0,0,1,1,5,0,0,1,0,10,0
1,21,138,0,AD/YOLASOUTH/RUMDEJABBIPRIMARYSCHOOL/004,0,9,0,3,0,0,1,1,6,0,1,1,0,10,0
1,18,120,0,AD/SHELLENG/GUNDO PRIMARY SCHOOL/005,1,6,0,2,0,0,1,1,5,0,1,1,0,10,0
1,13,92,0,AD/GANYE/GANGBUEN PRIMARY SCHOOL/003,1,7,0,3,0,0,0,1,7,0,0,1,0,10,0
1,13,88,0,AD/GANYE/GAMU PRIMARY SCHOOL/006,1,7,0,3,0,0,1,1,5,1,5,1,0,10,0
1,15,205,0,AD/MICHIKA/DEMONSTRATION PRIMARY SCHOOL/006,0,6,0,3,0,0,1,0,7,0,2,1,0,10,0
1,11,207,0,AD/FUFORE/ARDO HAMMANTUKUR MEMORIAL NURSERY AND PRIMARY SCHO,1,5,3,2,0,0,1,1,8,1,0,1,3,7,3
1,18,120,0,AD/SHELLENG/GUNDO PRIMARY SCHOOL/002,0,7,0,2,0,0,1,1,9,0,0,0,1,24,1
1,14,97,0,AD/HONG/SHARGUI PRIMARY SCHOOL/006,1,6,0,3,0,0,1,0,6,0,4,1,0,10,0
1,13,90,0,AD/GANYE/PESSI PRIMARY SCHOOL/006,0,7,0,3,0,0,0,1,6,0,0,1,0,10,0
1,12,86,0,AD/GUYUK/GWANAH PRIMARY SCHOOL/006,0,9,0,2,0,0,0,1,4,0,1,1,0,10,0
1,13,88,0,AD/GANYE/GAMU PRIMARY SCHOOL/005,0,7,0,3,0,0,0,1,8,0,0,1,4,29,4
1,21,139,0,AD/YOLASOUTH/YOLDEPATEPRIMARYSCHOOL/003,1,9,3,1,0,1,1,0,5,2,2,1,0,10,0
1,21,101,0,AD/YOLA SOUTH/TC DEMONSTRATION PRIMARY SCHOOL /001,0,8,0,1,0,1,0,0,6,0,0,1,26,29,26
1,17,111,0,AD/ NUMAN/ KWAPUAKAI PRIMARY SCHOOL/ 002,1,6,0,3,0,0,1,0,6,0,0,1,1,10,4
1,11,81,0,AD/FUFORE/BONGIRE PRIMARY SCHOOL/006,1,6,0,2,0,1,0,1,11,0,0,1,2,10,2
1,14,96,0,AD/HONG/KUKUKURPU PRIMARY SCHOOL/005,0,6,0,3,0,0,0,1,7,1,0,1,0,10,0
1,20,130,0,AD/TOUNGO/NAYAPRIMARYSCHOOL/002,0,7,0,3,0,0,1,0,6,1,0,1,0,10,0
1,15,105,0,AD/MICHIKA /YAMBULE PRIMARY SCHOOL/001,1,6,0,2,0,0,1,1,5,0,0,0,0,10,0
1,13,93,0,AD/GANYE/GANG-AUDU PRIMARY SCHOOL/005,1,5,0,3,0,0,0,1,5,1,5,1,0,10,0
1,17,115,0,AD/ NUMAN/JIGAWA PRIMARY SCHOOL/001,0,11,0,1,0,0,1,0,12,0,2,1,12,21,12
1,16,110,0,AD/MUBI SOUTH/MUHDA PRIMARY SCHOOL /002,1,7,0,1,0,1,1,0,6,0,1,1,3,22,3
1,21,137,0,AD/YOLASOUTH/DAMAREPRIMARYSCHOOL/003,0,9,0,1,0,1,1,0,11,0,3,1,4,24,4
1,21,132,0,AD/YOLA SOUTH/SHAGARI PRIMARY SCHOOL/005,1,10,0,3,0,0,1,1,8,0,2,1,1,12,1
1,17,114,0,AD/NUMAN/PARE GIRLS PRIMARY SCHOOL/003,1,11,3,3,0,0,1,0,9,0,3,1,8,15,8
1,17,115,0,AD/NUMAN/JIGAWA PRIMARY SCHOOL/003,0,10,0,1,0,0,1,0,12,0,1,1,3,14,3
1,15,103,0,AD/MICHIKA/BARKI DLAKA PRIMARY SCHOOL/003,1,7,0,3,1,0,1,0,6,0,0,0,5,24,5
1,14,98,0,AD/HONG/NGALBI PRIMARY SCHOOL/002,0,4,0,3,0,0,1,0,7,0,1,0,0,10,0
1,20,127,0,AD/TOUNGO/MAYOGBAGBAGPRIMARYSCHOOL/005,0,8,0,3,0,0,1,0,8,0,1,0,0,10,0
1,21,134,0,AD/YOLASOUTH/YELWAPRIMARYSCHOOL/006,1,6,0,1,0,1,1,0,6,0,2,1,0,10,0
1,18,117,0,AD/SHELLENG /BOKAYRKI PRIMARY SCHOOL/005,0,7,0,3,0,0,1,0,6,0,1,0,0,10,0
1,15,105,0,AD/MICHIKA /YAMBULE PRIMARY SCHOOL /002,0,9,0,2,0,0,1,1,5,0,2,0,0,10,0
1,21,132,0,AD/YOLA SOUTH/SHAGARI PRIMARY SCHOOL/003,0,6,0,2,0,0,1,0,5,0,3,1,2,9,2
1,14,97,0,AD/HONG/SHANGUI PRIMARY SCHOOL/006,0,8,0,2,0,0,0,1,10,0,1,0,0,10,0
1,13,88,0,AD/GANYE/GAMU PRIMARY SCHOOL/004,1,6,0,3,0,0,0,1,5,1,5,1,3,24,3
1,20,129,0,AD/TOUNGO/TASKI WAMBAI PRIMARY SCHOOL/002,0,8,0,3,0,0,1,0,8,0,0,1,0,10,0
1,19,124,0,AD/SONG/GULUNGO PRIMARY SCHOOL/006,0,5,0,2,0,0,1,0,4,0,1,1,1,24,1
1,11,207,0,AD/FUFORE/ARDO HAMMANTUKUR MEMORIAL NURSERY AND PRIMARY SCHO,0,5,0,2,0,0,1,1,10,0,0,1,0,10,0
1,13,92,0,AD/GANYE/GANGBUEN PRIMARY SCHOOL/005,1,8,0,3,0,0,0,1,5,1,5,1,4,30,4
1,16,109,0,AD/MUBI SOUTH/GWALEM PRIMARY SCHOOL/005,1,7,0,2,0,0,0,1,10,1,6,1,0,10,0
1,21,135,0,AD/YOLASOUTH/HAMMAWAPRIMARYSCHOOL/003,0,7,0,1,0,1,1,0,5,0,1,1,0,10,0
1,16,109,0,AD/MUBI SOUTH/GWALEM PRIMARY SCHOOL 003,0,9,0,2,0,0,1,0,6,1,0,1,0,10,0
1,17,115,0,AD/NUMAN/JIGAWA PRIMARY SCHOOL/004,1,9,0,1,0,0,0,1,4,0,1,1,6,18,6
1,11,80,0,AD/FUFORE/HIRNANGE PRIMARY SCHOOL/002,0,8,0,2,0,0,1,0,10,0,0,1,0,10,0
1,15,100,0,AD/MICHIKA/PASTHA PRIMARY SCHOOL/002,0,9,0,3,0,0,1,0,10,0,2,1,0,10,0
1,16,109,0,AD/MUBI SOUTH/GWALEM PRIMARY SCHOOL/002,1,9,0,2,0,1,1,0,6,1,5,1,0,10,0
1,11,207,0,AD/FUFORE/ARDO HAMMANTUKUR MEMORIAL NURSERY AND PRIMARY SCHO,1,7,0,2,0,0,1,1,6,0,1,1,8,14,8
1,16,108,0,AD/MUBI SOUTH/GIRPATA PRIMARY SCHOOL/005,1,9,0,2,0,0,1,1,10,0,1,1,0,10,0
1,20,127,0,AD/TOUNGO/MAYOGBAGBAGPRIMARYSCHOOL/002,0,8,0,3,0,0,1,1,10,0,1,1,0,10,0
1,17,112,0,AD/ NUMAN/ HODILURA PRIMARY SCHOOL/001,0,10,0,3,0,0,1,0,8,0,0,1,2,10,5
1,11,80,0,AD/FUFORE/HIRNANGE PRIMARY SCHOOL/001,0,8,1,1,0,1,1,0,6,0,0,1,0,10,0
1,11,81,0,AD/FUFORE/BONGIRE PRIMARY SCHOOL/003,0,8,0,2,0,1,1,0,9,0,1,1,2,10,2
1,14,95,0,AD/HONG/THABU PRIMARY SCHOOL/006,0,4,0,3,0,0,1,0,8,0,3,0,1,45,1
1,13,90,0,AD/GANYE/PESSI PRIMARY SCHOOL/005,1,5,0,3,0,0,0,1,5,1,5,1,0,10,0
1,14,98,0,AD/HONG/NGALBI PRIMARY SCHOOL/006,0,6,0,3,0,0,1,0,9,0,3,0,3,21,3
1,19,201,0,AD/SONG/BUNDU PRIMARY SCHOOL/002,1,5,0,2,0,0,0,1,10,1,6,1,0,10,0
1,16,106,0,AD/MUBI SOUTH/ARMY CHILDREN PRIMARY SCHOOL/003,0,10,0,2,0,0,1,1,14,0,2,1,27,37,27
1,14,94,0,AD/HONG/KWABAKTINA PRIMARY SCHOOL/006,0,6,0,2,0,0,1,0,5,1,0,0,3,20,3
1,21,137,0,AD/YOLASOUTH/DAMAREPRIMARYSCHOOL/006,1,7,0,2,0,0,1,0,7,0,3,1,0,10,0
1,16,108,0,AD/MUBI SOUTH/GIRPATA PRIMARY SCHOOL/004,0,8,0,3,0,0,1,1,11,0,5,1,2,26,2
1,19,126,0,AD/SONG/MARARRABA DUMNE PRIMARY SCHOOL/002,0,8,0,3,0,0,1,0,5,1,1,1,0,10,0
1,16,170,1,AD/MUBI SOUTH/ GAYA PRIMARY SCHOOL /003,1,8,3,2,0,0,1,0,7,0,3,1,16,28,16
1,17,169,1,AD/ NUMAN/ SABON PEGI PRIMARY/001,0,10,3,3,0,0,1,0,5,0,0,1,25,29,25
1,17,172,1,AD/NUMAN/ NUMAN 1 PRIMARY SCHOOL/001,0,7,0,3,1,0,1,0,6,0,0,1,32,34,32
1,22,191,1,AD/YOLA NORTH/BEKAJI PRIMARY SCHOOL/004,0,7,2,3,0,0,1,1,12,0,0,1,50,52,50
1,11,143,1,AD/FUFORE/MARGIRE PRIMARY SCHOOL/001,1,10,0,3,0,0,1,1,8,0,3,1,16,27,16
1,12,148,1,AD/GUYUK/HINJARI GIRLS PRIMARY SCHOOL/001,1,8,0,3,0,0,1,0,4,0,1,0,0,10,0
1,19,183,1,AD/SONG/KELELE  PRIMARY SCHOOL /003,1,9,0,1,0,1,0,1,10,0,2,1,57,59,57
1,14,156,1,AD/HONG/PELLA I PRIMARY SCHOOL/004,1,5,2,2,0,0,1,0,6,0,4,1,1,43,1
1,16,170,1,AD/MUBI SOUTH/GAYA PRIMARY SCHOOL/004,0,8,0,2,0,0,1,0,8,0,3,1,5,20,5
1,18,178,1,AD/SHELLENG/JUMBUL PRIMARY SCHOOL/003,1,9,0,2,0,0,1,1,10,0,2,0,24,26,24
1,16,169,1,AD/MUBI SOUTH/SABON PEGI PRIMARY SCHOOL/006,0,9,2,2,0,1,0,0,12,1,0,0,14,26,14
1,18,176,1,AD/SHELLENG /DALWA PRIMARY SCHOOL /006,1,6,0,3,0,0,1,0,11,0,1,1,44,44,44
1,20,187,1,AD/TOUNGO LGA/TOUNGO I I PRIMARY SCHOOL/001,1,8,0,3,0,0,1,0,8,0,2,1,12,17,12
1,17,169,1,AD/ NUMAN/ SABON PEGI PRIMARY/002,0,9,0,3,0,0,1,0,5,0,0,1,17,20,17
1,16,169,1,AD/MUBI SOUTH/SABON PEGI PRIMARY SCHOOL/004,1,7,0,2,0,0,1,0,6,1,1,1,0,10,0
1,15,165,1,AD/MICHIKA/MODA PRIMARY SCHOOL/006,1,7,0,3,0,0,1,0,5,0,2,1,7,32,7
1,19,185,1,AD/SONG/MURKE  PRIMARY SCHOOL /004,1,7,0,2,0,0,1,0,7,0,2,1,1,15,1
1,14,159,1,AD/HONG/UBA CENTRAL PRIMARY SCHOOL/005,1,8,0,3,0,0,1,0,10,1,0,1,0,10,0
1,15,164,1,AD/MICHIKA/JIGILAMBU PRIMARY SCHOOL/005,0,10,3,3,0,0,1,0,5,2,2,0,4,21,4
1,16,167,1,AD/MUBI SOUTH/WURO BULUDE PRIMARY SCHOOL/002,0,8,2,1,0,1,1,0,12,0,0,1,0,10,0
1,14,157,1,AD/HONG/WAJA GIRLS PRIMARY SCHOOL/006,1,7,0,2,0,0,0,1,7,0,2,1,13,21,13
1,11,144,1,AD/FUFORE/CENTRAL PRIMARY SCHOOL/001,1,10,0,2,0,1,1,0,4,0,2,1,47,47,47
1,15,164,1,AD/MICHIKA/JIGILAMBU PRIMARY SCHOOL/004,0,8,0,3,1,0,1,0,7,0,6,1,5,30,5
1,17,172,1,AD/NUMAN/ NUMAN 1 PRIMARY SCHOOL/002,1,10,3,2,1,0,0,0,7,0,0,1,37,40,37
1,15,165,1,AD/MICHIKA/MODA PRIMARY SCHOOL/004,1,8,0,2,0,1,0,0,6,0,2,1,13,20,13
1,18,176,1,AD/SHELLENG /DALWA PRIMARY SCHOOL /001,0,10,0,2,0,0,1,0,6,2,0,1,0,10,0
1,11,144,1,AD/FUFORE/CENTRAL PRIMARY SCHOOL/005,1,10,0,1,0,1,1,0,4,0,3,1,76,76,76
1,18,176,1,AD/SHELLENG /DALWA PRIMARY SCHOOL /003,0,6,0,2,0,0,1,0,8,0,1,0,10,19,10
1,20,189,1,AD/TOUNGO/METAN PRIMARY SCHOOL/002,1,8,0,3,0,0,0,1,11,1,1,1,24,27,24
1,22,199,1,AD/YOLA NORTH/MAJALISA PRIMARY SCHOOL/004,1,6,0,1,0,1,0,0,8,0,1,1,22,31,22
1,20,187,1,AD/TOUNGO/TOUNGO I PRIMARY SCHOOL/004,1,9,0,1,0,0,1,0,10,0,4,1,37,38,37
1,18,179,1,AD/SHELLENG /SHELLENG II PRIMARY SCHOOL /002,1,10,0,3,0,0,1,0,5,0,3,0,31,35,31
1,16,167,1,AD/MUBI SOUTH/WURO BULUDE PRIMARY SCHOOL/004,0,8,0,2,0,0,0,1,10,0,4,1,57,58,57
1,14,157,1,AD/HONG/WAJA GIRLS PRIMARY SCHOOL/002,1,6,0,3,1,0,1,0,8,0,3,1,17,32,17
1,12,145,1,AD/GUYUK/BANJIRAM 1 PRIMARY SCHOOL/005,1,5,0,2,0,0,0,1,3,0,1,1,9,17,9
1,15,163,1,AD/MICIHAKA/CENTRAL  PRIMARY SCHOOL /002,1,13,0,2,0,0,1,1,7,0,2,1,6,23,6
1,14,194,1,AD/HONG/CENTRAL PRIMARY SCHOOL/003,0,7,0,3,0,0,0,1,6,2,0,0,0,10,0
1,12,,1,AD/GUYUK/BOBINI PRIMARY SCHOOL/004,1,6,0,3,0,0,1,1,11,0,0,1,0,10,0
1,15,161,1,AD/MICHIKA/JIDDEL PRIMARY SCHOOL/001,1,7,3,3,0,0,1,0,10,2,2,1,7,13,7
1,16,169,1,AD/MUBI SOUTH/SABONPEGI PRIMARY SCHOOL/001,0,10,2,3,0,0,1,1,21,1,0,0,40,47,40
1,13,150,1,AD/GANYE/GANYIBENSO PRIMARY SCHOOL/001,1,11,0,1,0,1,1,0,7,0,2,1,16,23,16
1,22,200,1,AD/YOLA NORTH/KAREWA PRIMARY SCHOOL/003,0,12,0,2,0,1,1,0,10,0,1,1,11,19,11
1,22,195,1,AD/YOLA NORTH/ NYIBANGO PRIMARY SCHOOL/001,1,10,0,2,0,0,0,1,6,0,2,1,2,5,3
1,16,168,1,AD/MUBI SOUTH/KWACHAM PRIMARY SCHOOL 004,1,9,0,1,0,1,1,0,11,0,3,1,32,40,32
1,15,162,1,AD/MICHIKA/DELCHIMI PRIMARY SCHOOL /006,0,7,2,2,0,0,1,1,5,1,2,1,5,25,5
1,11,141,1,AD/FUFORE/SABON GARI GIRL CHILD PRIMARY SCHOOL/003,1,9,0,1,0,1,1,0,9,0,1,1,27,35,27
1,16,168,1,AD/MUBI SOUTH/KWACHAM PRIMARY SCHOOL/003,0,8,0,2,0,1,1,0,8,0,2,1,25,30,25
1,14,159,1,AD/HONG/ UBA CENTRAL PRIMARY SCHOOL/001,0,6,1,1,0,0,1,1,4,0,0,1,0,10,0
1,17,172,1,AD/NUMAN/ NUMAN 1 PRIMARY SCHOOL/003,1,10,2,3,0,0,1,0,7,0,0,1,5,20,5
1,17,171,1,AD/NUMAN/JOHN HOLT PRIMARY SCHOOL/003,1,8,3,2,0,0,0,1,8,0,2,1,58,59,58
1,12,202,1,AD/GUYUK/BOBINI PRIMARY SCHOOL/006,1,5,0,2,0,0,1,1,8,0,1,1,0,10,0
1,13,151,1,AD/GANYE/GANYE I PRIMARY SCHOOL/003,1,9,0,3,0,0,1,1,5,0,1,1,7,15,7
1,11,141,1,AD/FUFORE/SABON GARI GIRL CHILD PRIMARY SCHOOL/006,1,9,0,1,0,1,1,0,6,0,3,1,41,46,41
1,12,147,1,AD/GUYUK/CENTRAL PRIMARY SCHOOL GUYUK/001,1,10,0,3,0,0,1,0,5,0,3,1,21,23,21
1,15,163,1,AD/MICHIKA /CENTRAL  PRIMARY SCHOOL /003,0,9,0,2,0,0,1,1,6,0,0,1,0,10,0
1,14,156,1,AD/HONG/PELLA I PRIMARY SCHOOL/006,1,7,3,2,0,0,0,1,12,0,3,1,38,39,38
1,11,144,1,AD/FUFORE/CENTRAL PRIMARY SCHOOL/003,1,11,0,1,0,1,1,0,8,0,1,1,54,54,54
1,18,177,1,AD/SHELLENG/GWAGWARAP PRIMARY SCHOOL /003,0,8,0,2,0,0,1,0,7,0,1,0,45,46,45
1,22,197,1,AD/YOLA NORTH/DOUBELI PRIMARY SCHOOL/001,1,9,0,2,0,0,1,0,8,0,1,1,26,32,26
1,20,187,1,AD/TOUNGO LGA/TOUNGO I I PRIMARY SCHOOL/002,1,12,0,2,0,0,0,1,6,0,2,1,0,10,0
1,17,172,1,AD/NUMAN/ NUMAN 1 PRIMARY SCHOOL/005,0,7,2,2,0,0,0,1,6,0,2,1,34,34,34
1,17,173,1,AD/NUMAN/NUMAN  111 PRIMARY SCHOOL/004,1,9,0,2,0,1,0,0,6,0,3,1,71,71,71
1,20,186,1,AD/TOUNGO/KIRI PRIMARY SCHOOL/002,1,8,0,3,0,0,0,1,8,0,2,1,0,10,0
1,14,194,1,AD/HONG/CENTRAL PRIMARY SCHOOL/004,1,8,0,3,0,0,1,0,10,1,1,0,5,15,5
1,13,151,1,AD/GANYE/GANYE IV PRIMARY SCHOOL/003,0,10,0,3,0,0,1,1,12,0,2,1,31,34,31
1,11,143,1,AD/FUFORE/MARGIRE PRIMARY SCHOOL/002,1,11,0,1,0,1,1,0,5,0,1,1,0,10,0
1,20,187,1,AD/TOUNGO/TOUNGO I I I PRIMARY SCHOOL/006,0,8,0,3,0,0,0,1,7,1,0,1,11,15,11
1,17,173,1,AD/NUMAN/NUMAN 111 PRIMARY  SCHOOL/002,0,10,0,1,0,1,0,0,19,0,3,1,47,48,47
1,17,208,1,AD/NUMAN/ CENTRAL PRIMARY SCHOOL/001,0,12,0,1,0,1,0,0,13,0,1,1,67,67,67
1,17,173,1,AD/NUMAN/NUMAN 111 PRIMARY SCHOOL/001,1,9,0,3,1,0,0,0,7,0,3,1,51,54,51
1,22,199,1,AD/YOLA NORTH/MAJALISA PRIMARY SCHOOL/003,0,10,0,2,1,0,1,0,6,0,0,1,15,24,15
1,20,187,1,AD/TOUNGO/TOUNGO I I I PRIMARY SCHOOL/001,1,8,0,3,0,0,0,1,5,2,1,1,0,10,0
1,22,106,1,AD/YOLA NORTH/ARMY CHILDREN PRIMARY SCHOOL/001,0,7,0,2,0,0,1,0,12,0,3,0,0,10,0
1,12,202,1,AD/GUYUK/BOBINI PRIMARY SCHOOL/005,0,6,0,3,0,0,1,1,4,0,0,0,0,10,0
1,18,178,1,AD/SHELLENG/JUMBUL PRIMARY SCHOOL/002,1,7,0,2,0,0,1,1,8,0,1,1,0,10,0
1,13,155,1,AD/GANYE/GANYE II PRIMARY SCHOOL/005,1,8,0,2,0,0,1,0,11,0,2,1,20,24,20
1,15,165,1,AD/MICHIKA/MODA PRIMARY SCHOOL/002,0,10,0,3,0,0,1,0,13,0,2,1,10,20,10
1,17,208,1,AD/NUMAN/ CENTRAL PRIMARY SCHOOL/002,1,12,0,1,0,0,1,0,15,0,1,1,32,35,32
1,11,140,1,AD/FUFORE/PARDA. PRIMARY SCHOOL/006,0,7,0,1,0,1,0,0,15,0,0,1,25,32,25
1,17,208,1,AD/NUMAN/ CENTRAL PRIMARY SCHOOL/003,1,11,0,1,0,0,1,0,16,0,0,1,60,60,60
1,20,187,1,AD/TOUNGO/TOUNGO I PRIMARY SCHOOL/002,1,10,0,1,0,0,1,0,8,0,3,1,56,57,56
1,16,168,1,AD/MUBI SOUTH/KWACHAM PRIMARY SCHOOL/001,0,8,0,2,0,1,1,0,12,0,2,1,23,30,23
1,20,189,1,AD/TOUNGO/METAN PRIMARY SCHOOL/003,1,9,0,3,0,0,1,0,10,0,1,1,10,14,10
1,18,178,1,AD/SHELLENG/JUMBUL PRIMARY SCHOOL/004,0,7,0,2,0,0,1,1,6,1,1,1,0,10,0
1,18,176,1,AD/SHELLENG /DALWA PRIMARY SCHOOL /002,0,9,0,2,0,0,0,1,6,0,2,1,0,10,0
1,20,187,1,AD/TOUNGO LGA/TOUNGO I I PRIMARY SCHOOL/003,0,8,0,3,0,0,1,1,8,1,2,1,29,29,29
1,11,53,1,AD/FUFORE/SABONGARI/GIRL CHILD PRIMARY SCHOOL/002,1,9,0,2,0,0,1,0,10,0,3,1,46,48,46
1,13,151,1,AD/GANYE/GANYE I PRIMARY SCHOOL/001,1,12,0,3,0,0,1,1,7,0,2,1,33,37,33
1,15,161,1,AD/MICHIKA/JIDDEL PRIMARY SCHOOL/005,1,7,0,3,0,0,1,0,8,0,1,1,43,44,43
1,12,148,1,AD/GUYUK/HINJARI GIRLS PRIMARY SCHOOL/002,1,9,1,3,0,0,1,0,4,0,2,1,9,18,9
1,22,195,1,AD/YOLA NORTH/NYIBANGO PRIMARY SCHOOL/003,0,8,0,1,0,1,0,0,7,0,2,1,9,16,9
1,20,187,1,AD/TOUNGO/TOUNGO I I I PRIMARY SCHOOL/002,0,8,0,3,0,0,0,1,6,0,6,1,0,10,0
1,17,169,1,AD/ NUMAN/ SABON PEGI PRIMARY/003,1,10,2,3,0,0,1,0,5,0,0,1,47,47,47
1,19,184,1,AD/SONG/LOKO RESETTLEMENT PRIMARY SCHOOL /004,1,10,0,2,0,1,1,0,11,0,3,1,10,22,10
1,20,187,1,AD/TOUNGO LGA/TOUNGO I I PRIMARY SCHOOL/004,1,8,0,3,0,0,1,0,5,0,0,1,12,17,12
1,15,161,1,AD/MICHIKA/JIDDEL PRIMARY SCHOOL/004,1,8,2,1,0,0,1,0,8,1,3,1,14,20,14
1,20,186,1,AD/TOUNGO/ KIRI PRIMARY SCHOOL/006,0,8,0,2,0,1,0,0,5,1,2,0,0,10,0
1,12,202,1,AD/GUYUK/BOBINI PRIMARY SCHOOL/002,0,8,0,2,0,0,1,1,5,0,3,0,4,8,4
1,14,194,1,AD/HONG/CENTRAL PRIMARY SCHOOL/006,1,7,0,2,0,1,0,0,10,0,0,0,3,23,3
1,18,179,1,AD/SHELLENG /SHELLENG II PRIMARY SCHOOL /004,0,9,0,2,0,0,0,1,4,0,4,1,15,23,15
1,14,159,1,AD/HONG/UBA CENTRAL PRIMARY SCHOOL003,0,8,0,1,0,0,1,0,13,0,1,0,1,10,2
1,14,158,1,AD/HONG/BANSHIKA PRIMARY SCHOOL/003,0,5,0,3,0,0,1,0,8,0,1,1,6,21,6
1,20,187,1,AD/TOUNGO/TOUNGO I I I PRIMARY SCHOOL/003,1,11,0,3,0,0,1,0,12,2,0,0,0,10,0
1,17,172,1,AD/NUMAN/ NUMAN 1 PRIMARY SCHOOL/004,1,9,0,3,0,0,1,0,7,0,0,1,6,16,6
1,22,199,1,AD/YOLA NORTH/MAJALISA PRIMARY SCHOOL/005,0,9,2,1,0,1,1,0,6,0,1,1,4,17,4
1,11,140,1,AD/FUFORE/PARDA PRIMARY SCHOOL/004,1,10,0,1,0,1,1,0,6,0,3,1,32,37,32
1,11,142,1,AD/FUFORE/WURO YOLDE PRIMARY SCHOOL GURIM/002,0,11,0,1,0,1,1,0,8,0,2,1,74,74,74
1,13,150,1,AD/GANYE/GANYIBENSO PRIMARY SCHOOL/002,0,10,0,3,0,0,1,1,5,0,1,1,55,57,55
1,22,192,1,AD/YOLA NORTH/DAMILU II PRIMARY SCHOOL/002,0,8,0,1,0,1,1,0,16,0,2,1,25,27,25
1,13,155,1,AD/GANYE/GANYE II PRIMARY SCHOOL/004,1,11,1,3,0,0,1,1,5,0,2,1,7,13,7
1,15,162,1,AD/MICHIKA/DELCHIMI PRIMARY SCHOOL /002,0,6,0,2,0,0,1,1,5,0,1,1,0,10,0
1,15,162,1,AD/MICHIKA/DELCHIMI PRIMARY SCHOOL /003,1,7,0,2,0,0,1,1,4,0,2,1,0,10,0
1,11,143,1,AD/FUFORE/MARGIRE PRIMARY SCHOOL/003,0,10,0,3,0,0,1,1,10,0,4,1,45,50,45
1,17,208,1,AD/NUMAN/ CENTRAL PRIMARY SCHOOL/004,0,10,0,1,0,1,1,0,8,0,1,1,41,41,41
1,16,167,1,AD/MUBI SOUTH/WURO BULUDE PRIMARY SCHOOL/001,1,10,0,2,0,1,1,0,5,0,3,1,40,42,40
1,17,173,1,AD/NUMAN/NUMAN  111 PRIMARY  SCHOOL/003,0,9,0,3,0,0,1,1,19,0,3,1,55,55,55
1,13,155,1,AD/GANYE/GANYE II PRIMARY SCHOOL/006,0,9,0,3,0,0,1,1,8,0,1,1,22,29,22
1,22,196,1,AD/YOLA NORTH/JAMBUTU PRIMARY SCHOOL/006,0,10,0,3,0,0,1,0,7,0,1,1,9,20,9
1,12,147,1,AD/GUYUK/CENTRAL PRIMARY SCHOOL GUYUK/006,1,7,0,3,0,0,1,0,7,0,1,1,0,10,0
1,20,186,1,AD/TOUNGO/ KIRI PRIMARY SCHOOL/002,1,8,0,3,0,0,1,0,8,0,2,0,3,14,3
1,19,183,1,AD/SONG/KELELE  PRIMARY SCHOOL /004,1,9,0,1,0,1,1,0,11,0,2,1,0,10,0
1,19,185,1,AD/SONG/MURKE PRIMARY SCHOOL /003,0,13,2,2,0,0,1,0,5,0,2,1,10,14,10
1,12,149,1,AD/GUYUK/GUYUK II NURSERY AND PRIMARY SCHOOL/006,0,11,0,3,0,0,1,1,7,0,1,0,3,16,3
1,13,151,1,AD/GANYE/GANYE I PRIMARY SCHOOL/002,0,9,0,1,0,1,1,0,7,0,2,1,42,51,42
1,11,141,1,AD/FUFORE/SABON GARI GIRLD CHILD PRIMARY SCHOOL/001,1,8,0,2,0,1,1,1,7,0,2,1,70,71,70
1,20,189,1,AD/TOUNGO/METAN PRIMARY SCHOOL/004,1,9,0,3,0,0,1,0,10,0,2,1,0,10,0
1,16,166,1,AD/MUBI SOUTH/SEBORE PRIMARY SCHOOL/006,0,8,0,2,0,0,1,1,10,1,0,1,28,38,28
1,15,163,1,AD/MICHIKA /CENTRAL  PRIMARY SCHOOL /004,1,7,0,2,0,1,1,0,8,0,2,1,0,10,0
1,18,179,1,AD/SHELLENG /SHELLING II PRIMARY SCHOOL /001,0,5,0,2,0,0,1,0,8,0,1,1,0,10,0
1,17,169,1,AD/ NUMAN/ SABON PEGI PRIMARY/004,1,10,3,3,0,0,1,0,6,0,0,1,18,26,18
1,22,197,1,AD/YOLA NORTH/DOUBELI PRIMARY SCHOOL/003,1,10,0,2,0,0,1,0,11,0,1,1,10,24,10
1,22,193,1,AD/YOLA NORTH/DEMSAW PRIMARY SCHOOL /006,1,8,0,1,0,1,1,0,7,0,2,1,0,10,0
1,22,191,1,AD/YOLA NORTH/BEKAJI PRIMARY SCHOOL/003,1,13,3,2,0,0,1,1,4,0,0,1,68,68,68
1,14,159,1,AD/HONG/UBA CENTRAL PRIMARY SCHOOL/004,0,9,0,2,0,1,0,0,5,1,4,0,0,10,0
1,11,142,1,AD/FUFORE/WURO YOLDE PRIMARY SCHOOL GURIM/006,0,9,0,2,0,1,1,0,10,0,2,1,77,77,77
1,16,170,1,AD/MUBI SOUTH/GAYA PRIMARY SCHOOL/002,0,13,0,2,0,0,1,0,12,0,2,1,26,35,26
1,13,150,1,AD/GANYE/GANYIBENSO PRIMARY SCHOOL/003,0,12,0,3,0,0,1,1,7,0,2,1,40,48,40
1,22,197,1,AD/YOLA NORTH/DOUBELI PRIMARY SCHOOL/002,0,8,3,2,0,1,1,0,3,0,2,1,10,35,10
1,12,147,1,AD/GUYUK/CENTRAL PRIMARY SCHOOL GUYUK/004,0,10,0,2,0,0,1,1,5,0,4,1,7,16,7
1,15,165,1,AD/MICHIKA/MODA PRIMARY SCHOOL/001,0,9,0,3,0,0,1,1,17,0,2,0,2,15,2
1,22,192,1,AD/YOLA NORTH/DAMILU II PRIMARY SCHOOL/001,1,7,0,2,0,1,1,0,9,0,1,1,5,19,5
1,15,162,1,AD/MICHIKA/DELCHIMI PRIMARY SCHOOL /004,1,9,3,2,0,0,1,1,10,1,2,1,17,30,17
1,19,185,1,AD/SONG/MURKE PRIMARY SCHOOL /002,0,7,0,2,0,0,1,0,6,0,2,1,10,18,10
1,11,143,1,AD/FUFORE/MARGIRE PRIMARY SCHOOL/004,1,10,0,3,0,0,1,1,8,0,1,1,6,17,6
1,13,155,1,AD/GANYE/GANYE II PRIMARY SCHOOL/002,0,10,0,1,0,1,1,0,7,0,2,1,51,56,51
1,11,142,1,AD/FUFORE/WURO YOLDE PRIMARY SCHOOL GURIM/001,1,11,3,1,0,1,1,0,10,0,2,1,36,37,36
1,13,151,1,AD/GANYE/GANYE I PRIMARY SCHOOL/004,0,12,0,1,0,1,1,0,11,0,3,1,48,53,48
1,12,148,1,AD/GUYUK/HINJARI GIRLS PRIMARY SCHOOL/003,1,10,0,3,0,0,1,0,5,0,3,0,45,46,45
1,13,155,1,AD/GANYE/GANYE IV PRIMARY SCHOOL/006,1,8,0,1,0,1,1,0,10,0,2,1,32,34,32
1,22,200,1,AD/YOLA NORTH/KAREWA PRIMARY SCHOOL/002,1,12,0,2,1,0,1,1,7,0,1,1,2,15,2
1,22,196,1,AD/YOLA NORTH /JAMBUTU PRIMARY SCHOOL/003,1,12,0,2,0,0,0,1,3,0,1,1,8,11,8
1,12,145,1,AD/GUYUK/BANJIRAM 1 PRIMARY SCHOOL/003,0,5,0,1,0,0,1,0,6,0,0,1,0,10,0
1,13,155,1,AD/GANYE/GANYE II PRIMARY SCHOOL/003,0,10,0,1,0,1,1,0,19,0,2,1,7,10,7
1,19,185,1,AD/SONG/MURKE PRIMARY SCHOOL /005,1,10,0,2,0,0,1,0,12,0,2,1,0,10,0
1,20,186,1,AD/TOUNGO/KIRI PRIMARY SCHOOL/001,1,7,3,3,0,0,1,0,14,0,1,1,2,5,2
1,14,156,1,AD/HONG/PELLA I PRIMARY SCHOOL/001,0,5,0,2,0,0,1,0,6,0,2,1,0,10,0
1,19,183,1,AD/SONG/KELELE PRIMARY SCHOOL /001,1,8,2,1,0,1,1,0,5,1,2,1,5,14,5
1,22,195,1,AD/YOLA NORTH/NYIBANGO PRIMARY SCHOOL/002,1,7,0,2,0,1,1,0,9,0,2,1,47,51,47
1,14,194,1,AD/HONG/CENTRAL PRIMARY SCHOOL/002,0,9,3,3,0,0,1,0,3,1,1,1,4,17,4
1,12,147,1,AD/GUYUK/CENTRAL PRIMARY SCHOOL GUYUK/003,0,7,0,3,0,0,1,0,9,0,1,1,2,15,2
1,22,200,1,AD/YOLA NORTH/KAREWA PRIMARY SCHOOL/005,1,5,0,1,0,1,1,0,7,0,0,1,1,14,1
1,17,173,1,AD/NUMAN/NUMAN 111 PRIMARY SCHOOL/005,0,11,0,3,0,0,1,0,8,0,2,1,36,39,36
1,14,156,1,AD/HONG/PELLA I PRIMARY SCHOOL/003,0,7,0,3,0,0,1,0,10,0,3,1,0,10,0
1,13,153,1,AD/GANYE/SANGASSUMI PRIMARY SCHOOL/001,0,12,0,3,0,0,1,1,8,0,0,1,63,65,63
1,14,156,1,AD/HONG/PELLA I PRIMARY SCHOOL/005,0,5,0,3,0,0,1,0,7,0,2,1,2,26,2
1,20,187,1,AD/TOUNGO/TOUNGO I I I PRIMARY SCHOOL/004,0,8,0,3,0,0,0,1,9,0,1,1,0,10,0
1,16,166,1,AD/MUBI SOUTH/SEBORE PRIMARY SCHOOL/005,1,9,0,2,0,1,1,1,15,0,1,1,45,53,45
1,18,64,1,AD/SHELLENG/KURUNGU PRIMARY SCHOOL/001,1,5,0,2,0,0,1,1,5,0,1,0,0,10,0
1,22,160,1,AD/YOLA NORTH/CENTRAL PRIMARY SCHOOL/005,1,8,0,1,0,1,1,0,13,0,1,1,59,64,59
1,22,191,1,AD/YOLA NORTH/BEKAJI PRIMARY SCHOOL/005,0,8,0,2,1,1,1,1,6,0,0,1,34,40,34
1,22,199,1,AD/YOLA NORTH/MAJALISA PRIMARY SCHOOL/006,1,7,0,1,0,1,1,0,9,0,0,1,1,28,1
1,22,193,1,AD/YOLA NORTH/DEMSAW PRIMARY SCHOOL /005,1,8,0,1,0,1,0,1,3,1,0,1,1,21,1
1,22,191,1,AD/YOLA NORTH/BEKAJI PRIMARY SCHOOL/006,1,14,3,2,1,0,1,0,4,0,1,1,34,38,34
1,22,160,1,AD/YOLA NORTH/CENTRAL PRIMARY SCHOOL/006,1,8,0,1,0,1,1,0,8,0,0,1,41,45,41
1,17,173,1,AD/NUMAN/NUMAN  111 PRIMARY  SCHOOL/006,1,12,0,2,0,1,0,0,6,0,3,1,65,65,65
1,11,142,1,AD/FUFORE/WURO YOLDE PRIMARY SCHOOL GURIM/005,1,9,0,1,0,1,1,0,8,0,3,1,35,35,35
1,11,140,1,AD/FUFORE/PARDA PRIMARY SCHOOL/001,1,10,0,1,0,1,1,0,10,1,1,1,15,24,15
1,14,158,1,AD/HONG/BANSHIKA PRIMARY SCHOOL/005,1,8,0,3,0,0,1,0,90,0,2,1,2,16,2
1,16,166,1,AD/MUBI SOUTH/SEBORE PRIMARY SCHOOL/001,0,9,0,2,0,0,1,1,7,1,0,1,51,56,51
1,13,151,1,AD/GANYE/GANYE I PRIMARY SCHOOL/006,0,10,0,1,0,1,1,1,5,0,2,1,57,61,57
1,19,184,1,AD/SONG/LOKO RESETTLEMENT  PRIMARY SCHOOL /001,0,11,0,2,0,0,1,0,12,0,2,1,14,22,14
1,17,208,1,AD/NUMAN/ CENTRAL PRIMARY SCHOOL/006,1,12,3,1,0,0,1,0,10,0,1,1,80,80,80
1,14,156,1,AD/HONG/PELLA I PRIMARY SCHOOL/002,1,6,0,2,0,0,1,0,5,0,3,1,4,21,4
1,19,184,1,AD/SONG/LOKO RESETTLEMENT  PRIMARY SCHOOL /003,0,10,0,2,0,0,1,0,11,0,2,1,48,51,48
1,18,179,1,AD/SHELLENG/ SHELLENG PRIMARY SCHOOL/005,1,7,0,2,0,0,1,0,7,0,2,1,26,32,26
1,14,158,1,AD/HONG/BANSHIKA PRIMARY SCHOOL/004,0,9,0,3,0,0,1,0,8,0,1,0,6,20,6
1,20,189,1,AD/TOUNGO/METAN PRIMARY SCHOOL/005,1,9,0,2,0,0,0,1,12,0,1,0,13,17,13
1,22,193,1,AD/YOLA NORTH/DEMSAW PRIMARY SCHOOL /004,1,8,0,2,0,0,1,0,7,0,0,1,8,25,8
1,22,196,1,AD/YOLA NORTH/JAMBUTU PRIMARY SCHOOL/004,0,8,0,3,0,0,1,0,5,0,1,1,44,49,44
1,22,196,1,AD/YOLA NORTH/JAMBUTU PRIMARY SCHOOL/005,1,12,0,1,0,0,0,1,8,0,1,1,3,7,3
1,15,164,1,AD/MICHIKA/JIGILAMBU PRIMARY SCHOOL/006,1,6,0,3,0,0,1,0,6,0,2,1,0,10,0
1,11,142,1,AD/FUFORE/WURO YOLDE PRIMARY SCHOOL GURIM/004,0,13,3,1,0,1,1,0,11,2,2,1,68,68,68
1,18,178,1,AD/SHELLENG/JUMBUL PRIMARY SCHOOL/001,1,6,0,2,0,0,1,1,7,0,0,1,3,10,3
1,11,141,1,AD/FUFORE /SABON GARI GIRL CHILD PRIMARY SCHOOL/004,1,12,0,2,0,0,1,0,10,0,3,1,47,52,47
1,16,167,1,AD/MUBI SOUTH/WURO BULUDE PRIMARY SCHOOL/005,1,11,0,2,0,0,1,1,7,0,1,1,67,67,67
1,12,202,1,AD/GUYUK/BOBINI PRIMARY SCHOOL/003,1,8,0,3,0,0,1,1,7,0,0,1,7,10,7
1,22,200,1,AD/YOLA NORTH/KAREWA PRIMARY SCHOOL/004,0,12,1,2,0,0,1,1,4,0,2,1,20,28,20
1,20,189,1,AD/TOUNGO/METAN PRIMARY SCHOOL/006,0,9,0,2,0,1,0,1,13,0,3,0,19,23,19
1,18,64,1,AD/SHELLENG/KURUNGU PRIMARY SCHOOL/006,0,5,0,2,0,0,1,1,4,0,0,0,0,10,0
1,12,149,1,AD/GUYUK/GUYUK II NURSERY AND PRIMARY SCHOOL/002,1,9,0,1,0,1,1,0,10,0,0,1,20,20,20
1,18,178,1,AD/SHELENG/JUMBUL PRIMARY SCHOOL/006,1,7,0,2,0,1,1,0,8,0,0,0,0,10,0
1,22,193,1,AD/YOLA NORTH/DEMSAW PRIMARY SCHOOL /003,0,8,0,2,0,0,1,0,7,0,0,1,3,19,3
1,13,155,1,AD/GANYE/GANYE IV PRIMARY SCHOOL/002,0,8,0,2,0,0,1,0,5,0,1,1,31,35,31
1,14,157,1,AD/HONG/WAJA GIRLS PRIMARY SCHOOL/004,1,10,0,3,0,0,1,0,8,0,0,1,2,34,2
1,11,140,1,AD/FUFORE/PARDA PRIMARY SCHOOL/003,1,9,2,1,0,1,1,0,4,0,2,1,6,16,6
1,22,160,1,AD/YOLA NORTH/CENTRAL PRIMARY SCHOOL/004,0,9,0,2,0,1,1,0,11,0,1,1,0,10,0
1,18,177,1,AD/SHELLENG/GWAGWARAP PRIMARY SCHOOL /001,1,6,0,3,0,1,1,1,4,1,1,1,0,10,0
1,22,196,1,AD/YOLA NORTH/JAMBUTU PRIMARY SCHOOL/001,1,12,0,2,0,1,1,0,9,0,1,1,85,87,85
1,20,186,1,AD/TOUNGO/KIRI PRIMARY SCHOOL/004,0,8,0,2,0,0,1,0,4,2,3,1,0,10,0
1,16,168,1,AD/MUBI SOUTH/KWACHAM PRIMARY SCHOOL/005,1,8,0,2,0,1,1,0,12,0,2,1,25,30,25
1,16,168,1,AD/MUBI SOUTH/KWACHAM PRIMARY SCHOOL/006,0,8,0,1,0,1,1,0,13,0,1,1,28,30,28
1,12,148,1,AD/GUYUK/HINJARI GIRLS PRIMARY SCHOOL/004,1,7,0,3,0,0,1,0,6,0,1,1,15,18,15
1,18,177,1,AD/SHELLENG/GWAGWARAP PRIMARY SCHOOL /002,1,6,0,3,0,0,1,1,7,0,1,0,14,24,14
1,14,194,1,AD/HONG/CENTRAL PRIMARY SCHOOL/005,0,7,0,2,0,1,0,0,10,1,6,1,2,24,2
1,12,145,1,AD/GUYUK/BANJIRAM 1 PRIMARY SCHOOL/006,0,7,0,2,0,0,1,0,5,0,2,1,0,10,0
1,22,197,1,AD/YOLA NORTH/DOUBELI PRIMARY SCHOOL/004,0,10,0,2,0,0,1,0,10,0,1,1,10,24,10
1,11,144,1,AD/FUFORE/CENTRAL PRIMARY SCHOOL/002,0,10,0,2,0,0,1,1,5,0,2,1,47,47,47
1,19,183,1,AD/SONG/KELELE PRIMARY SCHOOL /006,1,7,0,1,0,1,1,0,13,0,2,1,0,10,0
1,18,177,1,AD/SHELLENG/GWAGWARAP PRIMARY SCHOOL /004,1,6,0,3,0,0,1,0,9,0,3,1,8,23,8
1,20,187,1,AD/TOUNGO/TOUNGO I PRIMARY SCHOOL/006,0,8,0,1,0,0,1,0,9,0,4,1,32,35,32
1,15,161,1,AD/MICHIKA/JIDDEL PRIMARY SCHOOL/003,0,11,0,1,0,0,1,0,8,0,2,0,15,18,15
1,18,177,1,AD/SHELLENG/GWAGWARAP PRIMARY SCHOOL /005,0,9,0,2,0,0,0,1,6,0,1,0,7,23,7
1,17,171,1,AD/NUMAN/JOHN HOLT PRIMARY SCHOOL/002,0,10,0,2,0,1,0,0,102,0,2,1,44,44,44
1,22,106,1,AD/YOLA NORTH/ARMY CHILDREN PRIMARY SCHOOL/002,0,7,0,2,1,0,0,0,7,0,2,1,38,39,38
1,12,148,1,AD/GUYUK/HINJARI GIRLS PRIMARY SCHOOL/005,1,11,0,3,0,0,1,0,4,0,2,1,62,62,62
1,13,155,1,AD/GANYE/GANYE II PRIMARY SCHOO/001,1,8,0,3,0,1,1,1,6,0,2,1,43,47,43
1,18,64,1,AD/SHELLENG/KURUNGU PRIMARY SCHOOL/002,0,6,0,2,0,0,1,1,4,0,0,0,0,10,0
1,11,144,1,AD/FUFORE/CENTRAL PRIMARY SCHOOL/004,0,10,0,2,0,1,1,0,6,0,1,1,55,55,55
1,17,171,1,AD/NUMAN/JOHN HOLT PRIMARY SCHOOL/001,1,8,0,2,0,0,1,0,9,0,2,1,37,37,37
1,16,168,1,AD/MUBI SOUTH/KWACHAM PRIMARY SCHOOL/002,1,8,0,2,0,1,1,0,15,1,2,1,33,40,33
1,20,186,1,AD/TOUNGO/KIRI PRIMARY SCHOOL/005,0,8,0,2,0,1,0,0,5,0,2,1,0,10,0
1,13,153,1,AD/GANYE/SANGASSUMI PRIMARY SCHOOL/006,0,5,0,3,0,0,1,1,6,0,2,1,23,29,23
1,20,187,1,AD/TOUNGO/TOUNGO I PRIMARY SCHOOL/001,1,8,0,1,0,0,1,0,5,0,2,1,47,48,47
1,14,157,1,AD/HONG/WAJA GIRLS PRIMARY SCHOOL/005,1,5,0,3,1,0,1,0,7,0,2,1,2,30,2
1,18,177,1,AD/SHELLENG/GWAGWARAP PRIMARY SCHOOL /006,0,6,0,3,0,0,1,0,6,0,1,1,36,36,36
1,17,169,1,AD/ NUMAN/ SABON PEGI PRIMARY/005,1,9,3,3,0,0,1,0,5,0,0,1,39,40,39
1,12,145,1,AD/GUYUK/BANJIRAM 1 PRIMARY SCHOOL/002,1,9,0,2,0,0,1,0,9,0,1,1,2,11,2
1,13,151,1,AD/GANYE/GANYE IV PRIMARY SCHOOL/005,1,8,0,1,0,1,1,0,6,0,1,1,72,74,72
1,22,192,1,AD/YOLA NORTH/DAMILU II PRIMARY SCHOOL/006,0,8,0,2,0,1,1,0,11,0,1,1,43,45,43
1,22,160,1,AD/YOLA NORTH/CENTRAL PRIMARY SCHOOL/003,0,9,3,2,0,1,1,0,7,0,1,0,32,39,32
1,22,200,1,AD/YOLA NORTH/KAREWA PRIMARY SCHOOL/006,1,8,0,2,0,1,1,0,16,0,0,1,13,24,13
1,16,170,1,AD/MUBI SOUTH/GAYA PRIMARY SCHOOL/006,0,8,0,2,0,0,1,0,14,0,2,1,42,47,42
1,11,140,1,AD/FUFORE/PARDA PRIMARY SCHOOL/002,0,7,0,1,0,1,1,0,6,0,0,1,10,32,10
1,15,162,1,AD/MICHIKA/DELCHIMI PRIMARY SCHOOL /005,0,7,0,2,0,0,1,1,6,1,1,1,10,22,10
1,15,164,1,AD/MICHIKA/JIGILAMBU PRIMARY SCHOOL/001,1,8,0,3,0,0,1,0,9,0,1,1,27,33,27
1,14,157,1,AD/HONG/WAJA GIRLS PRIMARY SCHOOL/001,1,7,0,2,0,0,1,0,13,1,2,1,16,26,16
1,22,195,1,AD/YOLANORTH/NYIBANGO PRIMARY SCHOOL/006,1,11,0,2,0,0,1,0,8,0,2,1,4,8,14
1,15,163,1,AD/MICHIKA /CENTRAL  PRIMARY SCHOOL /005,0,8,0,2,1,0,1,0,15,0,2,1,0,10,0
1,20,187,1,AD/TOUNGO/TOUNGO I I I PRIMARY SCHOOL/005,1,9,0,3,0,0,0,1,5,2,6,2,0,10,0
1,22,195,1,AD/YOLA NORTH/NYIBANGO PRIMARY SCHOOL/001,0,9,0,2,0,0,1,0,7,0,1,1,17,31,17
1,22,196,1,AD/YOLA NORTH/JAMBUTU PRIMARY SCHOOL/002,0,12,0,2,0,0,1,0,8,0,1,1,5,14,5
1,16,169,1,AD/MUBI SOUTH/SABON PEGI PRIMARY SCHOOL/002,0,9,0,2,0,1,1,0,8,1,0,0,32,41,32
1,14,159,1,AD/HONG/UBA CENTRAL PRIMARY SCHOOL/002,1,7,0,2,0,1,0,0,6,1,0,1,3,10,3
1,11,144,1,AD/FUFORE/CENTRAL PRIMARY SCHOOL/006,0,11,0,2,0,1,1,0,5,1,1,1,44,44,44
1,22,195,1,AD/YOLA NORTH/NYIBANGO PRIMARY SCHOOL/005,1,10,0,2,0,0,1,0,10,0,2,1,5,10,5
1,22,192,1,AD/YOLA NORTH/DAMILU II PRIMARY SCHOOL/005,1,10,0,1,0,1,0,0,12,0,2,1,7,11,8
1,12,145,1,AD/GUYUK/BANJIRAM 1 PRIMARY SCHOOL/001,0,5,0,3,0,0,1,1,3,0,0,1,0,10,0
1,17,169,1,AD/ NUMAN/ SABON PEGI PRIMARY/006,0,10,2,3,0,0,1,0,4,0,0,1,22,27,22
1,16,169,1,AD/MUBI SOUTH/SABON PEGI PRIMARY SCHOOL/003,1,10,0,2,0,0,0,1,11,1,1,1,17,26,17
1,14,159,1,AD/HONG/UBA CENTRAL PRIMARY SCHOOL/006,1,6,0,1,0,0,1,0,7,1,0,0,4,27,4
1,15,164,1,AD/MICHIKA/JIGILAMBU PRIMARY SCHOOL/003,0,6,0,3,0,0,1,0,7,0,3,1,2,14,2
1,17,208,1,AD/NUMAN/ CENTRAL PRIMARY SCHOOL/005,0,9,0,1,0,0,1,0,9,0,0,1,48,50,48
1,18,176,1,AD/SHELLENG /DALWA PRIMARY SCHOOL /005,1,9,0,3,0,0,1,0,9,0,1,1,0,10,0
1,13,151,1,AD/GANYE/GANYE IV PRIMARY SCHOOL/001,1,10,0,1,0,1,1,0,3,0,2,1,54,56,54
1,22,106,1,AD/YOLA NORTH/ARMY CHILDREN PRIMARY SCHOOL/003,1,8,0,3,1,0,1,0,7,0,2,1,11,16,11
1,13,151,1,AD/GANYE/GANYE I PRIMARY SCHOOL/005,1,9,2,2,0,0,1,1,61,0,1,1,8,14,8
1,17,171,1,AD/NUMAN/JOHN HOLT  PRIMARY SCHOOL /004,1,7,0,3,0,0,1,0,9,0,3,1,49,50,49
1,22,191,1,AD/YOLA NORTH/BEKAJI PRIMARY SCHOOL/001,1,10,3,2,1,0,1,0,5,0,0,1,54,56,54
1,13,153,1,AD/GANYE/SANGASSUMI PRIMARY SCHOOL/005,1,8,0,3,0,0,1,1,6,0,1,1,53,56,53
1,17,171,1,AD/NUMAN/JOHN HOLT PRIMARY SCHOOL/006,1,10,3,2,0,0,0,1,6,0,1,1,61,63,61
1,13,153,1,AD/GANYE/SANGASSUMI PRIMARY SCHOOL/003,1,11,0,3,0,0,1,1,10,0,3,1,0,10,0
1,17,172,1,AD/NUMAN/ NUMAN 1 PRIMARY SCHOOL/006,0,9,0,3,0,0,1,0,6,0,2,1,57,58,57
1,16,166,1,AD/MUBI SOUTH/SEBORE PRIMARY SCHOOL/004,1,8,0,2,0,0,1,1,15,0,1,1,35,37,35
1,18,64,1,AD/SHELLENG/KURUNGU PRIMARY SCHOOL/005,0,5,0,2,0,0,1,1,5,1,6,0,0,10,0
1,16,170,1,AD/MUBI SOUTH/GAYA PRIMARY SCHOOL/005,1,11,3,2,0,0,1,1,13,0,1,1,48,50,48
1,22,193,1,AD/YOLA NORTH/DEMSAW PRIMARY SCHOOL /002,0,7,0,3,0,0,1,1,11,0,0,1,31,34,31
1,19,184,1,AD/SONG/LOKO RESETTLEMENT PRIMARY SCHOOL /005,1,10,0,2,0,0,1,1,8,0,2,1,4,10,4
1,20,189,1,AD/TOUNGO/METAN PRIMARY SCHOOL/001,0,8,0,3,0,0,1,0,8,0,1,1,20,24,20
1,18,178,1,AD/SHELLENG/JUMBUL PRIMARY SCHOOL/005,0,7,0,2,0,0,1,1,7,0,1,0,23,25,23
1,13,150,1,AD/GANYE/GANYIBENSO PRIMARY SCHOOL/006,0,12,1,3,0,0,1,1,6,0,2,1,7,14,7
1,22,197,1,AD/YOLA NORTH/DOUBELI PRIMARY SCHOOL/005,1,6,0,1,0,0,1,0,10,0,2,1,7,12,7
1,22,106,1,AD/YOLA NORTH/ARMY CHILDREN PRIMARY SCHOOL/004,0,8,0,2,0,0,1,1,13,0,2,1,0,10,0
1,11,143,1,AD/FUFORE/MARGIRE PRIMARY SCHOOL/005,1,9,0,1,1,1,1,1,14,0,2,1,28,36,28
1,19,184,1,AD/SONG/LOKO RESETTLEMENT PRIMARY SCHOOL /006,1,9,0,2,0,1,1,0,14,0,3,1,0,10,0
1,13,151,1,AD/GANYE/GANYE IV PRIMARY SCHOOL/004,0,11,1,1,0,1,1,0,6,0,0,1,40,43,40
1,16,166,1,AD/MUBI SOUTH/SEBORE PRIMARY SCHOOL/003,1,8,0,2,1,0,1,0,12,0,2,1,33,43,33
1,11,141,1,AD/FUFORE/SABON GARI GIRLD CHILD PRIMARY SCHOOL/005,1,9,0,2,0,1,1,0,10,0,3,1,33,36,33
1,13,150,1,AD/GANYE/GANYIBENSO PRIMARY SCHOOL/005,1,9,2,3,0,0,1,1,9,0,1,1,30,34,30
1,13,153,1,AD/GANYE/SANGASSUMI PRIMARY SCHOOL/004,0,11,0,2,0,1,1,0,10,0,3,1,31,36,31
1,22,160,1,AD/YOLA NORTH/CENTRAL PRIMARY SCHOOL/002,1,10,0,1,0,1,1,0,7,0,2,1,9,33,9
1,20,187,1,AD/TOUNGO LGA/TOUNGO I I PRIMARY SCHOOL/005,0,10,3,3,0,0,1,0,5,1,2,1,0,10,0
1,12,147,1,AD/GUYUK/CENTRAL PRIMARY SCHOOL GUYUK/002,1,5,0,2,0,0,1,0,5,0,2,1,0,10,0
1,15,165,1,AD/MICHIKA/MODA PRIMARY SCHOOL/005,1,6,2,1,0,0,1,0,6,0,1,1,10,22,10
1,19,185,1,AD/SONG/MURKE PRIMARY SCHOOL /001,0,8,0,2,0,0,1,0,6,0,2,1,2,14,2
1,12,148,1,AD/GUYUK/HINJARI GIRLS PRIMARY SCHOOL/006,1,6,0,2,0,0,1,1,8,1,0,1,0,10,0
1,14,158,1,AD/HONG/BANSHIKA PRIMARY SCHOOL/002,1,7,0,3,0,0,1,0,12,0,2,1,0,10,0
1,13,153,1,AD/GANYE/SANGASSUMI PRIMARY SCHOOL/002,1,11,0,3,0,0,1,1,8,0,2,1,36,37,36
1,15,161,1,AD/MICHIKA/JIDDEL PRIMARY SCHOOL /006,1,13,0,1,0,1,1,0,8,2,3,0,40,43,40
1,18,64,1,AD/SHELLENG/KURUNGU PRIMARY SCHOOL/003,0,5,0,2,0,0,1,1,6,0,1,0,0,10,0
1,15,164,1,AD/MICHIKA/JIGILAMBU PRIMARY SCHOOL/002,1,7,0,3,0,0,1,0,5,0,2,1,0,10,0
1,12,147,1,AD/GUYUK/CENTRAL PRIMARY SCHOOL GUYUK/005,0,9,0,2,0,0,1,0,5,0,1,1,0,10,0
1,19,183,1,AD/SONG/KELELE  PRIMARY SCHOOL /002,1,8,0,1,0,1,0,1,11,0,2,1,25,34,25
1,22,106,1,AD/YOLA NORTH/ARMY CHILDREN PRIMARY SCHOOL/005,1,7,0,2,0,0,1,1,10,0,3,1,0,10,0
1,11,142,1,AD/FUFORE/WURO YOLDE PRIMARY SCHOOL GURIM/003,1,13,0,1,0,1,1,0,8,0,2,1,61,61,61
1,20,187,1,AD/TOUNGO/TOUNGO I PRIMARY SCHOOL/003,0,10,0,2,0,1,0,0,9,0,3,1,36,37,36
1,12,202,1,AD/GUYUK/BOBINI PRIMARY SCHOOL/001,0,8,0,3,0,0,1,1,8,0,1,0,2,14,2
1,12,149,1,AD/GUYUK/GUYUK II NURSERY AND PRIMARY SCHOOL/003,1,10,0,2,0,1,1,0,10,2,0,0,0,10,0
1,16,166,1,AD/MUB SOUTH/SEBORE PRIMARY SCHOOL/002,0,10,0,2,1,0,1,1,14,0,3,1,74,75,74
1,11,140,1,AD/FUFORE/PARDA PRIMARY SCHOOL/005,1,10,0,1,0,1,1,0,9,0,2,1,56,60,56
1,18,179,1,AD/SHELLENG/ SHELLENG PRIMARY SCHOOL/003,0,8,3,2,0,0,1,0,8,2,4,0,25,26,25
1,18,194,1,AD/HONG/CENTRAL PRIMARY SCHOOL/001,1,8,0,2,0,1,0,0,9,0,0,1,0,10,0
1,14,167,1,AD/MUBI SOUTH/WURO BULUDE PRIMARY SCHOOL/006,0,8,0,2,0,1,1,0,10,0,0,1,0,10,0
1,16,169,1,AD/MUBI SOUTH/SABON PEGI PRIMARY SCHOOL/005,1,8,0,2,0,0,0,1,4,1,1,1,32,32,32
1,16,167,1,AD/MUBI SOUTH/WURO BULUDE PRIMARY SCHOOL/003,1,9,0,2,1,0,1,0,12,0,2,1,39,46,39
1,22,106,1,AD/YOLA NORTH/ARMY CHILDREN PRIMARY SCHOOL/006,0,8,0,1,0,0,1,0,12,0,2,1,13,28,13
1,19,185,1,AD/SONG/MURKE PRIMARY SCHOOL /006,1,9,0,2,0,0,1,0,10,0,2,1,0,10,0
1,22,160,1,AD/YOLA NORTH/CENTRAL PRIMARY SCHOOL/001,1,8,0,2,0,0,1,0,9,0,0,1,5,28,5
1,22,200,1,AD/YOLA NORTH/KAREWA PRIMARY SCHOOL/001,0,14,0,2,0,1,1,0,11,0,1,1,4,23,4
1,14,158,1,AD/HONG/BANSHIKA PRIMARY SCHOOL/006,0,11,0,3,0,0,1,1,4,1,1,1,3,19,3
1,15,161,1,AD/MICHIKA/JIDDEL PRIMARI SCHOOL/002,0,10,0,2,0,1,0,0,9,0,2,1,32,35,32
1,13,150,1,AD/GANYE/GANYIBENSO PRIMARY SCHOOL/004,1,10,2,2,0,0,1,0,4,0,2,1,84,87,84
1,19,183,1,AD/SONG/KELELE  PRIMARY SCHOOL /005,1,8,0,1,0,1,1,0,7,0,2,1,6,18,6
1,17,171,1,AD/NUMAN/JOHN HOLT PRIMARY SCHOOL/005,0,10,0,2,0,1,0,0,10,0,3,1,57,57,57
1,22,193,1,AD/YOLA NORTH/DEMSAW PRIMARY SCHOOL /001,0,7,0,3,0,0,1,1,4,0,2,1,1,25,1
1,19,184,1,AD/SONG/LOKO RESETTLEMENT  PRIMARY SCHOOL /002,0,10,0,2,0,0,1,0,8,0,2,1,17,20,17
1,11,143,1,AD/FUFORE/MARGIRE PRIMARY SCHOOL/006,0,12,0,2,0,0,1,0,11,0,3,1,52,57,52
1,14,157,1,AD/HONG/WAJA GIRLS PRIMARY SCHOOL/003,1,6,2,3,0,0,1,0,9,0,2,0,19,30,19
1,12,149,1,AD/GUYUK/GUYUK II NURSERY AND PRIMARY SCHOOL/004,0,6,0,1,0,1,1,0,8,0,0,0,0,10,0
1,16,170,1,AD/MUBI SOUTH/GAYA PRIMARY SCHOOL/001,1,9,0,2,0,0,1,1,11,0,4,1,0,10,0
1,20,187,1,AD/TOUNGO/TOUNGO I PRIMARY SCHOOL/005,0,9,0,2,0,0,1,0,10,0,4,1,45,47,45
1,22,199,1,AD/YOLA NORTH/MAJALISA PRIMARY SCHOOL/002,0,9,2,3,0,0,1,1,12,0,0,1,20,28,20
1,14,158,1,AD/HONG/BANSHIKA PRIMARY SCHOOL/001,0,5,0,3,0,0,1,0,11,0,2,0,1,15,1
1,15,162,1,AD/MICHIKA/DELCHIMI PRIMARY SCHOOL /001,0,6,0,2,0,0,1,1,13,0,2,1,19,24,19
1,20,187,1,AD/TOUNGO LGA/TOUNGO I I PRIMARY SCHOOL/006,0,7,0,3,0,0,1,0,8,1,5,0,0,10,0
1,12,149,1,AD/GUYUK/GUYUK II NURSERY AND PRIMARY SCHOOL/001,1,8,2,3,0,0,1,1,6,0,0,1,3,16,3
1,15,165,1,AD/MICHIKA/MODA PRIMARY SCHOOL/003,1,8,1,2,0,0,1,0,5,0,2,1,30,36,30
1,12,149,1,AD/GUYUK/GUYUK II NURSERY AND PRIMARY SCHOOL/005,0,11,0,2,0,0,1,0,14,1,0,1,43,43,43
1,22,199,1,AD/YOLA NORTH/MAJALISA PRIMARY SCHOOL/001,1,9,2,2,0,0,1,0,8,1,0,1,44,48,44
1,18,179,1,AD/SHELLENG /SHELLENG II PRIMARY SCHOOL /006,1,10,0,2,0,0,0,1,10,0,3,1,27,33,27
1,15,163,1,AD/MICHIKA /CENTRAL PRIMARY SCHOOL /006,1,9,0,2,0,0,1,1,7,0,1,1,0,10,0
1,18,64,1,AD/SHELLENG/KURUNGU PRIMARY SCHOOL/004,0,6,1,2,0,1,1,0,7,0,0,0,0,10,0
1,22,197,1,AD/YOLA NORTH/DOUBELI PRIMARY SCHOOL/006,1,8,0,2,0,0,1,1,5,0,2,1,8,40,8
1,15,163,1,AD/MICHIKA/CENTRAL  PRIMARY SCHOOL/001,0,10,0,2,0,1,1,0,14,0,1,0,30,36,30
1,22,192,1,AD/YOLA NORTH/DAMILU II PRIMARY SCHOOL/003,1,12,0,3,0,0,1,0,7,0,2,1,21,34,21
1,18,176,1,AD/SHELLENG /DALWA PRIMARY SCHOOL /004,1,7,0,3,0,0,1,0,8,0,2,0,10,20,10
1,22,191,1,AD/YOLA NORTH/BEKAJI PRIMARY SCHOOL/002,1,8,0,3,0,1,0,1,11,0,0,1,8,24,8
1,12,145,1,AD/GUYUK/BANJIRAM 1 PRIMARY SCHOOL/004,1,9,0,2,0,0,1,0,4,0,0,1,0,10,0
1,22,192,1,AD/YOLA NORTH/DAMILU II PRIMARY SCHOOL/004,0,10,0,2,0,1,1,0,9,0,1,1,15,25,15
1,19,203,1,AD/SONG/PROF. JIBRIL AMINU PRIMARY SCHOOL /005,0,7,0,1,0,1,1,0,7,0,2,1,0,10,0
1,19,182,1,AD/SONG/BURAWO PRIMARY SCHOOL /004,0,11,0,1,0,1,1,0,8,1,2,0,43,44,43
1,19,203,1,AD/SONG/PROF. JIBRIL AMINU PRIMARY SCHOOL /001,1,12,0,2,0,0,1,1,12,0,3,1,23,29,23
1,19,203,1,AD/SONG/PROF. JIBRIL AMINU PRIMARY SCHOOL /004,0,9,0,1,0,1,1,0,5,0,2,1,0,10,0
1,19,182,1,AD/SONG /BURAWO PRIMARY  SCHOOL /001,1,7,0,1,0,1,1,0,9,1,2,1,21,27,21
1,19,203,1,AD/SONG/PROF. JIBRIL AMINU PRIMARY SCHOOL /002,1,12,0,1,0,1,1,1,17,0,2,1,26,31,26
1,19,182,1,AD/SONG/BURAWO PRIMARY SCHOOL /006,0,9,0,1,0,1,1,0,11,0,3,1,38,42,38
1,19,182,1,AD/SONG/BURAWO PRIMARY SCHOOL /005,0,9,0,1,0,1,1,0,5,0,2,1,40,41,40
1,19,203,1,AD/SONG /PROF. JIBRIL AMINU PRIMARY SCHOOL /003,1,6,0,1,0,1,1,0,5,0,2,1,0,10,0
1,19,182,1,AD/SONG /BURAWO  PRIMARY  SCHOOL /002,1,8,0,1,0,1,1,0,8,0,3,1,28,31,28
1,19,182,1,AD/SONG /BURAWO  PRIMARY SCHOOL /003,1,8,0,1,0,1,1,0,6,0,3,1,15,20,15
1,19,203,1,AD/SONG/PROF. JIBRIL AMINU PRIMARY SCHOOL /006,0,12,0,1,0,1,1,0,11,1,2,0,49,50,49
